Uuid,Void/Retire,Same as mappings,Fully specified name:en,Fully specified name:km,Short name:en,Short name:km,Description:en,Description:km,Data class,Data type,Complex data handler,Answers,Members,Allow decimals,Units,Normal low,Normal high,Absolute low,Absolute high,_version:1,_order:1100
4fbf4b32-4411-436c-9c3b-1a907685a0a0,,,Image,Image,Image,Image,,,Image,Complex,ImageUrlHandler,,,,,,,,,,
c3ae29e3-9836-4df9-bcef-8d01b776854d,,,Consultation Images,Consultation Images,,,,,Misc,N/A,,,Image,,,,,,,,
5089AAAAAAAAAAAAAAAAAAAAAAAAAAAA,,,WEIGHT,WEIGHT,Weight,ទម្ងន់ (គក),,,Misc,Numeric,,,,TRUE,kg,,,0,700,,
07950808-6c51-4926-bbf4-66663c1703bc,,,"WEIGHT, grams","WEIGHT, grams","Weight, grams",ទម្ងន់ (ក្រាម),,,Misc,Numeric,,,,,g,,,0,,,
5090AAAAAAAAAAAAAAAAAAAAAAAAAAAA,,,HEIGHT,HEIGHT,Height,កំពស់ (សង់​ទី​ម៉ែ​ត),,,Misc,Numeric,,,,TRUE,cm,,,0,,,
c367d9ee-3f10-11e4-adec-0800271c1b75,,,BMI,BMI,BMI,BMI,,,Computed,Numeric,,,,TRUE,,,,,,,
c3843f1d-9835-47e8-842b-d51e57781585,,,BMI ABNORMAL,BMI ABNORMAL,BMI ABNORMAL,BMI ABNORMAL,,,Abnormal,Boolean,,,,,,,,,,,
2c5bbbbf-f34d-4590-b624-9f17b75b7f00,,,BMI Data,BMI Data,BMI,BMI,,,Concept Details,N/A,,,BMI; BMI ABNORMAL,,,,,,,,
afd34a0d-ca7c-4f31-bd5a-4f1fa98100e1,,,BMI STATUS ABNORMAL,BMI STATUS ABNORMAL,BMI STATUS ABNORMAL,BMI STATUS ABNORMAL,,,Abnormal,Boolean,,,,,,,,,,,
c368694c-3f10-11e4-adec-0800271c1b75,,,BMI STATUS,BMI STATUS,BMI STATUS,BMI STATUS,,,Computed,Text,,,,,,,,,,,
80ef57a5-0d0c-48de-acdd-19e026c890b5,,,BMI Status Data,BMI Status Data,BMI STATUS,BMI STATUS,,,Concept Details,N/A,,,BMI STATUS ABNORMAL; BMI STATUS,,,,,,,,
84f626d0-3f10-11e4-adec-0800271c1b75,,,Nutritional Values,Nutritional Values,Nutritional Values,តម្លៃអាហារូបត្ថម្ភ,,,ConvSet,N/A,,,WEIGHT; HEIGHT,,,,,,,,
335a9473-dbb4-49c0-98ea-b1393d47c2f2,,,Cambodia_Normal,Cambodia_Normal,normal,ធម្មតា,,,Misc,N/A,,,,,,,,,,,
32787cd3-e9d4-4cdc-aab8-f2e64b4caac8,,,Cambodia_Abnormal,Cambodia_Abnormal,abnormal,មិនធម្មតា,,,Misc,N/A,,,,,,,,,,,
b527e8d0-aa2c-4b6a-a6da-6843cb2b52b0,,,Cambodia_Other Option,Cambodia_Other Option,other,ផ្សេងៗ,,,Misc,N/A,,,,,,,,,,,
9a679eec-3d6f-4080-aafa-e1e24da15b35,,,Cambodia_Immunizations Complete,Cambodia_Immunizations Complete,Immunizations Complete,ថ្នាំបង្ការចាក់គ្រប់,,,Question,Boolean,,,,,,,,,,,
ebbb592c-4869-46ad-92d1-1143f933675c,,,Cambodia_BCG,Cambodia_BCG,BCG,BCG,,,Question,Boolean,,,,,,,,,,,
c86149f2-0d8e-4419-8d48-3983deb1b477,,,"Cambodia_BCG, Date Given","Cambodia_BCG, Date Given",Date given,កាលបរិច្ឆេទចាក់,,,Question,Date,,,,,,,,,,,
cb3b4db4-c75b-4155-bfe1-2f227a6052df,,,Cambodia_BCG Set,Cambodia_BCG Set,BCG,BCG,,,Misc,N/A,,,"Cambodia_BCG; Cambodia_BCG, Date Given",,,,,,,,
b93173d2-4d0f-4ea4-9d35-a893e9be3573,,,"Cambodia_HepB at birth, between 24h and 3 days","Cambodia_HepB at birth, between 24h and 3 days",Between 24h and 3 days,ពី 24 ម៉ោង រហូតដល់ 3 ថ្ងៃ,,,Misc,N/A,,,,,,,,,,,
fe131ca3-d0ea-4009-9ffc-131306e13762,,,"Cambodia_HepB at birth, less than 24h","Cambodia_HepB at birth, less than 24h",Less than 24h,រហូតដល់ 24 ម៉ោង,,,Misc,N/A,,,,,,,,,,,
e402d9a3-8fc7-47fb-bde7-06483f11025d,,,"Cambodia_HepB at birth, time administrered after birth","Cambodia_HepB at birth, time administrered after birth",When was the vaccine administered?,ពេលណា​ចាក់វ៉ាក់សាំង?,,,Question,Coded,,"Cambodia_HepB at birth, less than 24h; Cambodia_HepB at birth, between 24h and 3 days; ",,,,,,,,,
7fd63f1d-66c0-4ea2-a147-52eba21d8e76,,,Cambodia_HepB at birth,Cambodia_HepB at birth,HepB at Birth,HepB នៅពេលកើត,,,Question,Boolean,,,,,,,,,,,
c7bd78ee-94b2-44bb-b948-aa6dbef77fb2,,,Cambodia_Polio1,Cambodia_Polio1,"OPV, 1st",OPV 1,,,Question,Boolean,,,,,,,,,,,
9a1d7236-f215-405c-8af0-b12656cb6556,,,"Cambodia_Polio1, Date Given","Cambodia_Polio1, Date Given",Date given,កាលបរិច្ឆេទចាក់,,,Question,Date,,,,,,,,,,,
d68e014b-f3fe-497b-81a2-1ecd2f7db356,,,Cambodia_Polio1 Set,Cambodia_Polio1 Set,Polio 1,ស្វិតដៃជើង 1,,,Misc,N/A,,,"Cambodia_Polio1; Cambodia_Polio1, Date Given",,,,,,,,
70eec332-2ce4-4bd0-86e0-6a24cf72b8c4,,,Cambodia_Polio2,Cambodia_Polio2,"OPV, 2nd",OPV 2,,,Question,Boolean,,,,,,,,,,,
aef78044-0fd8-4de9-a2c2-00dd9d95a8e6,,,"Cambodia_Polio2, Date Given","Cambodia_Polio2, Date Given",Date given,កាលបរិច្ឆេទចាក់,,,Question,Date,,,,,,,,,,,
b588ac3e-b3ee-47a8-a64e-1d444cd1a428,,,Cambodia_Polio2 Set,Cambodia_Polio2 Set,Polio 2,ស្វិតដៃជើង 2,,,Misc,N/A,,,"Cambodia_Polio2; Cambodia_Polio2, Date Given",,,,,,,,
d75aa344-eb61-4509-964d-ccfc5c212431,,,Cambodia_Polio3,Cambodia_Polio3,"OPV, 3rd",OPV 3,,,Question,Boolean,,,,,,,,,,,
ba4032aa-8436-4167-8176-868676b6b16f,,,"Cambodia_Polio3, Date Given","Cambodia_Polio3, Date Given",Date given,កាលបរិច្ឆេទចាក់,,,Question,Date,,,,,,,,,,,
7cd9e80e-cfed-40ae-8a6b-d97d60e2f790,,,Cambodia_Polio3 Set,Cambodia_Polio3 Set,Polio 3,ស្វិតដៃជើង 3,,,Misc,N/A,,,"Cambodia_Polio3; Cambodia_Polio3, Date Given",,,,,,,,
774544f2-6503-4a59-b6a7-fe919e2b3695,,,Cambodia_IPV,Cambodia_IPV,IPV Injection,IPV,,,Question,Boolean,,,,,,,,,,,
de118afb-4b64-40b1-9810-b1f96940fcfa,,,"Cambodia_IPV, Date Given","Cambodia_IPV, Date Given",Date given,កាលបរិច្ឆេទចាក់,,,Question,Date,,,,,,,,,,,
ff4d8840-2b2c-435f-bc87-88eb801dde1d,,,Cambodia_IPV Set,Cambodia_IPV Set,IPV,IPV,,,Misc,N/A,,,"Cambodia_IPV; Cambodia_IPV, Date Given",,,,,,,,
18b33bf2-11e0-4394-83ea-d04afeedc72a,,,Cambodia_DTP-Hep-Hip1,Cambodia_DTP-Hep-Hip1,"DTP-Hep-Hip, 1st Injection",DTP-Hep-Hip 1,,,Question,Boolean,,,,,,,,,,,
08137622-26a7-42b7-803e-19a36e244efa,,,"Cambodia_DTP-Hep-Hip1, Date Given","Cambodia_DTP-Hep-Hip1, Date Given",Date given,កាលបរិច្ឆេទចាក់,,,Question,Date,,,,,,,,,,,
41bcf4ed-5d80-4561-89b0-6a700c8d84ef,,,Cambodia_DTP-Hep-Hip1 Set,Cambodia_DTP-Hep-Hip1 Set,DTP-Hep-Hip 1,DTP-Hep-Hip 1,,,Misc,N/A,,,"Cambodia_DTP-Hep-Hip1; Cambodia_DTP-Hep-Hip1, Date Given",,,,,,,,
dd7d92e6-c3fe-4cc8-ae73-c179a3a86270,,,Cambodia_DTP-Hep-Hip2,Cambodia_DTP-Hep-Hip2,"DTP-Hep-Hip, 2nd Injection",DTP-Hep-Hip 2,,,Question,Boolean,,,,,,,,,,,
a301fe96-42f9-42f3-b9d3-45c412abe1ce,,,"Cambodia_DTP-Hep-Hip2, Date Given","Cambodia_DTP-Hep-Hip2, Date Given",Date given,កាលបរិច្ឆេទចាក់,,,Question,Date,,,,,,,,,,,
9c299770-fe8b-45fd-838e-c7405dd57e7d,,,Cambodia_DTP-Hep-Hip2 Set,Cambodia_DTP-Hep-Hip2 Set,DTP-Hep-Hip 2,DTP-Hep-Hip 2,,,Misc,N/A,,,"Cambodia_DTP-Hep-Hip2; Cambodia_DTP-Hep-Hip2, Date Given",,,,,,,,
5c6578cd-75aa-4811-87c1-d3a92e3f49e5,,,Cambodia_DTP-Hep-Hip3,Cambodia_DTP-Hep-Hip3,"DTP-Hep-Hip, 3rd Injection",DTP-Hep-Hip 3,,,Question,Boolean,,,,,,,,,,,
ba8d9251-4d0d-4905-b2d9-703cac7f168f,,,"Cambodia_DTP-Hep-Hip3, Date Given","Cambodia_DTP-Hep-Hip3, Date Given",Date given,កាលបរិច្ឆេទចាក់,,,Question,Date,,,,,,,,,,,
503d8e8b-a3fa-4daa-a890-afe1dc1abd76,,,Cambodia_DTP-Hep-Hip3 Set,Cambodia_DTP-Hep-Hip3 Set,DTP-Hep-Hip 3,DTP-Hep-Hip 3,,,Misc,N/A,,,"Cambodia_DTP-Hep-Hip3; Cambodia_DTP-Hep-Hip3, Date Given",,,,,,,,
225eab71-b564-4faf-bb9b-da5b69d6eb21,,,Cambodia_PCV1,Cambodia_PCV1,"PCV, 1st Injection",PCV 1,,,Question,Boolean,,,,,,,,,,,
44de5a74-962c-4ace-8d5e-ffc81579e70e,,,"Cambodia_PCV1, Date Given","Cambodia_PCV1, Date Given",Date given,កាលបរិច្ឆេទចាក់,,,Question,Date,,,,,,,,,,,
a329ecec-2fca-4e69-8269-60f2d225beec,,,Cambodia_PCV1 Set,Cambodia_PCV1 Set,PCV 1,PCV 1,,,Misc,N/A,,,"Cambodia_PCV1; Cambodia_PCV1, Date Given",,,,,,,,
314d7144-9a5a-4c85-92d5-c3fb393bf8dc,,,Cambodia_PCV2,Cambodia_PCV2,"PCV, 2nd Injection",PCV 2,,,Question,Boolean,,,,,,,,,,,
f47dc9cf-f886-420f-a340-a370c029d12f,,,"Cambodia_PCV2, Date Given","Cambodia_PCV2, Date Given",Date given,កាលបរិច្ឆេទចាក់,,,Question,Date,,,,,,,,,,,
7da437c1-24d0-4313-a942-62228ea20bd5,,,Cambodia_PCV2 Set,Cambodia_PCV2 Set,PCV 2,PCV 2,,,Misc,N/A,,,"Cambodia_PCV2; Cambodia_PCV2, Date Given",,,,,,,,
2e71846c-d89b-44ca-8cc5-9bbbcf67db7b,,,Cambodia_PCV3,Cambodia_PCV3,"PCV, 3rd Injection",PCV 3,,,Question,Boolean,,,,,,,,,,,
4608f3ae-b8a7-46a2-b1b6-3de8f3c32f60,,,"Cambodia_PCV3, Date Given","Cambodia_PCV3, Date Given",Date given,កាលបរិច្ឆេទចាក់,,,Question,Date,,,,,,,,,,,
23a0aa54-d468-4175-a7ba-95d61dec7772,,,Cambodia_PCV3 Set,Cambodia_PCV3 Set,PCV 3,PCV 3,,,Misc,N/A,,,"Cambodia_PCV3; Cambodia_PCV3, Date Given",,,,,,,,
64fc7ab7-fa4e-4ed4-a300-ab1bf71e2a28,,,Cambodia_JE,Cambodia_JE,JE,JE,,,Question,Boolean,,,,,,,,,,,
7667a59b-ffe9-44f2-bb05-5607c7bb930f,,,"Cambodia_JE, Date Given","Cambodia_JE, Date Given",Date given,កាលបរិច្ឆេទចាក់,,,Question,Date,,,,,,,,,,,
2b57d672-8433-4608-b344-ed53b9116132,,,Cambodia_JE Set,Cambodia_JE Set,JE,JE,,,Misc,N/A,,,"Cambodia_JE; Cambodia_JE, Date Given",,,,,,,,
639ac8e2-d0f5-46dd-b757-dc5f33bcce8c,,,Cambodia_MR0,Cambodia_MR0,MR0,MR0,,,Question,Boolean,,,,,,,,,,,
6e4b08b1-26c2-4a42-adce-cbe2961fe3a1,,,"Cambodia_MR0, Date Given","Cambodia_MR0, Date Given",Date given,កាលបរិច្ឆេទចាក់,,,Question,Date,,,,,,,,,,,
d1ce0982-e3d5-444c-b932-340475a6a66e,,,Cambodia_MR0 Set,Cambodia_MR0 Set,MR0,MR0,,,Misc,N/A,,,"Cambodia_MR0; Cambodia_MR0, Date Given",,,,,,,,
5b7e6e79-83d6-4d1c-bbe4-f0972c91e9e8,,,Cambodia_MR1,Cambodia_MR1,MR1,MR1,,,Question,Boolean,,,,,,,,,,,
0272c41c-bc1b-406f-8487-b66196b088d5,,,"Cambodia_MR1, Date Given","Cambodia_MR1, Date Given",Date given,កាលបរិច្ឆេទចាក់,,,Question,Date,,,,,,,,,,,
abea8832-ccc2-4070-99c2-8e89b29b3c57,,,Cambodia_MR1 Set,Cambodia_MR1 Set,MR1,MR1,,,Misc,N/A,,,"Cambodia_MR1; Cambodia_MR1, Date Given",,,,,,,,
b86d6529-6267-4a23-bd99-a6d8fee56b48,,,Cambodia_MR2,Cambodia_MR2,MR2,MR2,,,Question,Boolean,,,,,,,,,,,
6f1b76e0-b011-46ac-a6f3-6564a1186fce,,,"Cambodia_MR2, Date Given","Cambodia_MR2, Date Given",Date given,កាលបរិច្ឆេទចាក់,,,Question,Date,,,,,,,,,,,
1955a133-f46b-4f53-a40e-915ba7589191,,,Cambodia_MR2 Set,Cambodia_MR2 Set,MR2,MR2,,,Misc,N/A,,,"Cambodia_MR2; Cambodia_MR2, Date Given",,,,,,,,
2e994571-faf6-4dc5-8604-a7b9b3413040,,,Cambodia_Tetanus1,Cambodia_Tetanus1,Tetanus 1,ត្តានុស 1,,,Question,Boolean,,,,,,,,,,,
6fd9f6d1-749c-42fe-bc1d-1f51321af53a,,,"Cambodia_Tetanus1, Date Given","Cambodia_Tetanus1, Date Given",Date given,កាលបរិច្ឆេទចាក់,,,Question,Date,,,,,,,,,,,
3fdff443-baa2-4574-9f5e-eee768965c4e,,,Cambodia_Tetanus1 Set,Cambodia_Tetanus1 Set,Tetanus 1,ត្តានុស 1,,,Misc,N/A,,,"Cambodia_Tetanus1; Cambodia_Tetanus1, Date Given",,,,,,,,
fde799ab-e3e2-4aad-bf09-22ced327f99d,,,Cambodia_Tetanus2,Cambodia_Tetanus2,Tetanus 2,ត្តានុស 2,,,Question,Boolean,,,,,,,,,,,
4e593f3b-6421-4765-a154-d51a90b9e7e0,,,"Cambodia_Tetanus2, Date Given","Cambodia_Tetanus2, Date Given",Date given,កាលបរិច្ឆេទចាក់,,,Question,Date,,,,,,,,,,,
7c740e7b-01d4-4cbe-9820-dd48bb9ac4b0,,,Cambodia_Tetanus2 Set,Cambodia_Tetanus2 Set,Tetanus 2,ត្តានុស 2,,,Misc,N/A,,,"Cambodia_Tetanus2; Cambodia_Tetanus2, Date Given",,,,,,,,
10ab1aee-fda4-4d2c-bde8-fc22bf783ca1,,,Cambodia_Tetanus3,Cambodia_Tetanus3,Tetanus 3,ត្តានុស 3,,,Question,Boolean,,,,,,,,,,,
5ba5d793-d9dd-4e29-9f5a-2c80cdda55b4,,,"Cambodia_Tetanus3, Date Given","Cambodia_Tetanus3, Date Given",Date given,កាលបរិច្ឆេទចាក់,,,Question,Date,,,,,,,,,,,
4c1cb952-2f98-46e1-a078-2490a1d5abd9,,,Cambodia_Tetanus3 Set,Cambodia_Tetanus3 Set,Tetanus 3,ត្តានុស 3,,,Misc,N/A,,,"Cambodia_Tetanus3; Cambodia_Tetanus3, Date Given",,,,,,,,
1aa4a5dc-587c-4229-81e3-299fefaa1284,,,Cambodia_Tetanus4,Cambodia_Tetanus4,Tetanus 4,ត្តានុស 4,,,Question,Boolean,,,,,,,,,,,
1ab39069-d455-4653-ab60-101cc4a36fe9,,,"Cambodia_Tetanus4, Date Given","Cambodia_Tetanus4, Date Given",Date given,កាលបរិច្ឆេទចាក់,,,Question,Date,,,,,,,,,,,
458ab0f1-4f49-40c1-84d1-2270b46c3ca8,,,Cambodia_Tetanus4 Set,Cambodia_Tetanus4 Set,Tetanus 4,ត្តានុស 4,,,Misc,N/A,,,"Cambodia_Tetanus4; Cambodia_Tetanus4, Date Given",,,,,,,,
6d6eb2c3-9ae5-43da-bb41-8c8ef961d182,,,Cambodia_Tetanus5,Cambodia_Tetanus5,Tetanus 5,ត្តានុស 5,,,Question,Boolean,,,,,,,,,,,
b1cdf3f3-5573-4fec-b7e0-88ba2ef0ec57,,,"Cambodia_Tetanus5, Date Given","Cambodia_Tetanus5, Date Given",Date given,កាលបរិច្ឆេទចាក់,,,Question,Date,,,,,,,,,,,
b556ba53-f959-4e1f-90b4-332ff690ccf2,,,Cambodia_Tetanus5 Set,Cambodia_Tetanus5 Set,Tetanus 5,ត្តានុស 5,,,Misc,N/A,,,"Cambodia_Tetanus5; Cambodia_Tetanus5, Date Given",,,,,,,,
fcabd17c-d762-42e4-a54e-861c33163a8d,,,Cambodia_Immunizations,Cambodia_Immunizations,Completed Immunizations,ថ្នាំបង្ការចាក់គ្រប់,,,Question,Coded,,,,,,,,,,,
e5e534a9-874d-4604-bf85-2f908456272a,,,Cambodia_List Incomplete Immunizations,Cambodia_List Incomplete Immunizations,List Incomplete Immunizations,ឈ្មោះថ្នាំបង្ការដែលមិនទាន់ចាក់គ្រប់,,,Question,Text,,,,,,,,,,,
c874f5c5-68b9-4b08-b2f3-4a8ea5cc0e98,,,Cambodia_New Immunization,Cambodia_New Immunization,New Immunization,ថ្នាំបង្ការថ្មី,,,Question,Coded,,Cambodia_Polio1; Cambodia_Polio2; Cambodia_Polio3; Cambodia_IPV; Cambodia_DTP-Hep-Hip1; Cambodia_DTP-Hep-Hip2; Cambodia_DTP-Hep-Hip3; Cambodia_PCV1; Cambodia_PCV2; Cambodia_PCV3; Cambodia_JE; Cambodia_MR0; Cambodia_MR1; Cambodia_MR2; Cambodia_Tetanus1; Cambodia_Tetanus2; Cambodia_Tetanus3; Cambodia_Tetanus4; Cambodia_Tetanus5; ,,,,,,,,,
01773594-ce7f-42a6-b86d-30b94ea0852c,,,Cambodia_Immunizations Form,Cambodia_Immunizations Form,New Immunizations,ថ្នាំបង្ការថ្មី,,,ConvSet,N/A,,,Cambodia_New Immunization,,,,,,,,
f8f62673-e21c-4891-a999-fda6858a9928,,,Cambodia_Pregnant Women Immunizations Set OLD,Cambodia_Pregnant Women Immunizations Set OLD,Pregnant Women Immunizations,ថ្នាំបង្ការ,,,ConvSet,N/A,,,"Cambodia_Tetanus1; Cambodia_Tetanus1, Date Given;Cambodia_Tetanus2; Cambodia_Tetanus2, Date Given;Cambodia_Tetanus3; Cambodia_Tetanus3, Date Given;Cambodia_Tetanus4; Cambodia_Tetanus4, Date Given;Cambodia_Tetanus5; Cambodia_Tetanus5, Date Given",,,,,,,,
6b0e38d1-c4f4-4fc7-9077-2ca7c0bd8e8c,,,Cambodia_Pregnant Women Immunizations Set,Cambodia_Pregnant Women Immunizations Set,Pregnant Women Immunizations,ថ្នាំបង្ការ,,,ConvSet,N/A,,,Cambodia_Tetanus1 Set; Cambodia_Tetanus2 Set; Cambodia_Tetanus3 Set; Cambodia_Tetanus4 Set; Cambodia_Tetanus5 Set; ,,,,,,,,
9e084ee4-ca7c-4671-9173-fc72524d1058,,,Cambodia_Pulse,Cambodia_Pulse,Pulse,ជីពចរ,,,Question,Numeric,,,,,,60,90,10,500,,
17cbd26c-42f9-404a-8afa-d5fff63cbfbe,,,Cambodia_Pulse Abnormal,Cambodia_Pulse Abnormal,Abnormal Pulse,ជីពចរមិនធម្មតា,,,Abnormal,Boolean,,,,,,,,,,,
5b7d7eb4-9a00-4252-b9d7-64b4ebc3d332,,,Cambodia_Pulse Data,Cambodia_Pulse Data,Pulse,ជីពចរ,,,Concept Details,N/A,,,Cambodia_Pulse;Cambodia_Pulse Abnormal;,,,,,,,,
17dfc96c-82dc-4d4b-96d1-a39bec32c241,,,Cambodia_Diastolic Blood Pressure,Cambodia_Diastolic Blood Pressure,Diastolic,សម្ពាធឈាម Diastolic,,,Question,Numeric,,,,,,60,80,20,400,,
bb658425-5d3b-4e74-8011-6567124b998b,,,Cambodia_Diastolic Blood Pressure Abnormal,Cambodia_Diastolic Blood Pressure Abnormal,Diastolic Abnormal,Diastolicមិនធម្មតា,,,Abnormal,Boolean,,,,,,,,,,,
e225d829-bf45-4dfd-a1ca-b9d1b52fdd9b,,,Cambodia_Diastolic Blood Pressure Data,Cambodia_Diastolic Blood Pressure Data,Diastolic,សម្ពាធឈាម Diastolic,,,Concept Details,N/A,,,Cambodia_Diastolic Blood Pressure; Cambodia_Diastolic Blood Pressure Abnormal;,,,,,,,,
fe0632e9-69f9-4b5d-84db-a23166942db6,,,Cambodia_Systolic Blood Pressure,Cambodia_Systolic Blood Pressure,Systolic,សម្ពាធឈាម Systolic,,,Question,Numeric,,,,,,90,120,40,400,,
2a5eb7a5-2d57-446a-88f0-73fd4d6523e8,,,Cambodia_Systolic Blood Pressure Abnormal,Cambodia_Systolic Blood Pressure Abnormal,Systolic Abnormal,Systolicមិនធម្មតា,,,Abnormal,Boolean,,,,,,,,,,,
1b9fbc82-2c7e-4cba-a618-8a8c3277d25b,,,Cambodia_Systolic Blood Pressure Data,Cambodia_Systolic Blood Pressure Data,Systolic,សម្ពាធឈាម Systolic,,,Concept Details,N/A,,,Cambodia_Systolic Blood Pressure; Cambodia_Systolic Blood Pressure Abnormal,,,,,,,,
86ad9ff5-7846-4b0c-8342-5364eb632c34,,,Cambodia_Temperature,Cambodia_Temperature,T,កម្តៅ,,,Question,Numeric,,,,TRUE,,36.7,37.5,10,120,,
e3c2db15-25c1-4d66-802c-f24283387880,,,Cambodia_Temperature Abnormal,Cambodia_Temperature Abnormal,T Abnormal,កម្តៅមិនធម្មតា,,,Abnormal,Boolean,,,,,,,,,,,
12f9c4e6-baf8-4b5e-a46d-b31bb6cea6e3,,,Cambodia_Temperature Data,Cambodia_Temperature Data,T,កម្តៅ,,,Concept Details,N/A,,,Cambodia_Temperature; Cambodia_Temperature Abnormal,,,,,,,,
86be74ef-bc40-42d3-b028-c8e6b128b990,,,Cambodia_Respiratory Rate,Cambodia_Respiratory Rate,RR,ចង្វាក់ដង្ហើម,,,Question,Numeric,,,,,,,,,,,
21ff3fcb-fc71-4513-9735-69b524b6c26b,,,Cambodia_Respiratory Rate Abnormal,Cambodia_Respiratory Rate Abnormal,RR Abnormal,ចង្វាក់ដង្ហើមមិនធម្មតា,,,Abnormal,Boolean,,,,,,,,,,,
9357715b-427b-4795-b8f5-35961790349d,,,Cambodia_Respiratory Rate Data,Cambodia_Respiratory Rate Data,RR,ចង្វាក់ដង្ហើម,,,Concept Details,N/A,,,Cambodia_Respiratory Rate; Cambodia_Respiratory Rate Abnormal,,,,,,,,
1f92a09c-eafe-47da-8760-4ea93dd6f5ae,,,Cambodia_Oxygen Saturation,Cambodia_Oxygen Saturation,SaO2,O2ក្នុងឈាម,,,Question,Numeric,,,,,,95,100,0,100,,
af794d27-6dc9-406c-92c9-dac33500be89,,,Cambodia_Oxygen Saturation Abnormal,Cambodia_Oxygen Saturation Abnormal,SaO2 Abnormal,O2ក្នុងឈាមមិនធម្មតា,,,Abnormal,Boolean,,,,,,,,,,,
9c2dcab9-0106-494e-8ce1-ea9cdbfe3224,,,Cambodia_Oxygen Saturation Data,Cambodia_Oxygen Saturation Data,SaO2,O2ក្នុងឈាម,,,Concept Details,N/A,,,Cambodia_Oxygen Saturation; Cambodia_Oxygen Saturation Abnormal,,,,,,,,
c3140ffe-f9f9-419b-8465-c2f3220e7508,,,Cambodia_Capillary Refill Time,Cambodia_Capillary Refill Time,CRT,រយៈពេលចរន្តឈាមរត់ចុងអវៈយវៈ,,,Question,Numeric,,,,TRUE,,0,2,0,,,
4eed505d-a49a-4c40-a2d2-4b626c8d7825,,,Cambodia_Capillary Refill Time Abnormal,Cambodia_Capillary Refill Time Abnormal,CRT Abnormal,រយៈពេលចរន្តឈាមរត់ចុងអវៈយវៈមិនធម្មតា,,,Abnormal,Boolean,,,,,,,,,,,
533cb54b-8a6f-4599-abaf-d9c41335d527,,,Cambodia_Capillary Refill Time Data,Cambodia_Capillary Refill Time Data,CRT,រយៈពេលចរន្តឈាមរត់ចុងអវៈយវៈ,,,Concept Details,N/A,,,Cambodia_Capillary Refill Time; Cambodia_Capillary Refill Time Abnormal,,,,,,,,
645f5455-3933-4f66-8d83-d82518dea956,,,Cambodia_Has Allergies,Cambodia_Has Allergies,Allergies,ប្រតិកម្មអាល់លែកហ្សី,,,Question,Boolean,,,,,,,,,,,
a625ebfe-e038-4666-893a-e692be038880,,,Cambodia_Allergies,Cambodia_Allergies,List/Describe Allergies,រាយឈ្មោះអាល់លែកហ្សី,,,Question,Text,,,,,,,,,,,
c8832487-14a1-4816-a1d7-d266a74b8285,,,Cambodia_Allergies Form,Cambodia_Allergies Form,Allergies,អាល់លែកហ្សី,,,ConvSet,N/A,,,Cambodia_Allergies; ,,,,,,,,
c1b96421-9b7d-4073-8930-e7c7d696916c,,,Cambodia_Allergy History,Cambodia_Allergy History,Allergies,អាល់លែកហ្សី,,,ConvSet,N/A,,,Cambodia_Allergies; ,,,,,,,,
96cb4f25-5858-4cf0-9539-684a4aca2d1a,,,Cambodia_Blood Pressure Set,Cambodia_Blood Pressure Set,Blood Pressure,សំពាធឈាម,,,ConvSet,N/A,,,Cambodia_Systolic Blood Pressure Data; Cambodia_Diastolic Blood Pressure Data; ,,,,,,,,
3702c3a8-cd01-4aec-8e08-352eee57a705,,,Cambodia_Vital Signs Basic Set,Cambodia_Vital Signs Basic Set,Vital Signs,សញ្ញាជីវិត,,,ConvSet,N/A,,,Cambodia_Pulse Data; Cambodia_Blood Pressure Set; Cambodia_Temperature Data; Cambodia_Respiratory Rate Data;,,,,,,,,
82d3b17d-3745-423d-9672-2d761e02f32d,,,Cambodia_Vital Signs Extended Form,Cambodia_Vital Signs Extended Form,Vital Signs,សញ្ញាជីវិត,,,ConvSet,N/A,,,Nutritional Values; Cambodia_Blood Pressure Set; Cambodia_Pulse Data; Cambodia_Temperature Data; Cambodia_Respiratory Rate Data; Cambodia_Oxygen Saturation Data; Cambodia_Capillary Refill Time Data; ,,,,,,,,
1bd4919d-63a1-4b83-b8e8-ed0a51ce5b93,,,Cambodia_Tooth 11,Cambodia_Tooth 11,#11,#11,,,Misc,N/A,,,,,,,,,,,
bf374b3a-82d2-4f40-bb14-da71312e8fde,,,Cambodia_Tooth 12,Cambodia_Tooth 12,#12,#12,,,Misc,N/A,,,,,,,,,,,
f3a75b9f-3937-47cd-9077-21cd939e685b,,,Cambodia_Tooth 13,Cambodia_Tooth 13,#13,#13,,,Misc,N/A,,,,,,,,,,,
772ebac2-b4e0-4b97-87c2-df61e865e435,,,Cambodia_Tooth 14,Cambodia_Tooth 14,#14,#14,,,Misc,N/A,,,,,,,,,,,
6dcb048d-792f-42cb-b891-e348f57498ff,,,Cambodia_Tooth 15,Cambodia_Tooth 15,#15,#15,,,Misc,N/A,,,,,,,,,,,
4457104c-7957-4c59-9df8-9a9b74d06ba7,,,Cambodia_Tooth 16,Cambodia_Tooth 16,#16,#16,,,Misc,N/A,,,,,,,,,,,
298ecdbc-4a75-4e4f-9110-676683573cf1,,,Cambodia_Tooth 17,Cambodia_Tooth 17,#17,#17,,,Misc,N/A,,,,,,,,,,,
ab3e3588-3fea-4080-bf14-683c6a0e731c,,,Cambodia_Tooth 18,Cambodia_Tooth 18,#18,#18,,,Misc,N/A,,,,,,,,,,,
6e39ae64-c124-41a3-ba94-7a18bbdfdb56,,,Cambodia_Tooth 21,Cambodia_Tooth 21,#21,#21,,,Misc,N/A,,,,,,,,,,,
262cc9ce-aa63-4e83-830c-4779fa2deff1,,,Cambodia_Tooth 22,Cambodia_Tooth 22,#22,#22,,,Misc,N/A,,,,,,,,,,,
ca6fb9fc-0f93-4425-9fbb-9abe29b5e176,,,Cambodia_Tooth 23,Cambodia_Tooth 23,#23,#23,,,Misc,N/A,,,,,,,,,,,
f0c5ba17-d765-4c5c-911b-bfc429201f6c,,,Cambodia_Tooth 24,Cambodia_Tooth 24,#24,#24,,,Misc,N/A,,,,,,,,,,,
c496c3fa-810d-4b27-b715-68a145385da2,,,Cambodia_Tooth 25,Cambodia_Tooth 25,#25,#25,,,Misc,N/A,,,,,,,,,,,
a644a1c5-ed9c-485d-9884-805fa18a8988,,,Cambodia_Tooth 26,Cambodia_Tooth 26,#26,#26,,,Misc,N/A,,,,,,,,,,,
3be62b2e-34bc-4019-af67-a329c30c9052,,,Cambodia_Tooth 27,Cambodia_Tooth 27,#27,#27,,,Misc,N/A,,,,,,,,,,,
ab4a3052-58b6-48d9-9ed3-66483c0f48bc,,,Cambodia_Tooth 28,Cambodia_Tooth 28,#28,#28,,,Misc,N/A,,,,,,,,,,,
e6ec9fb4-daa5-43e2-8e08-2df136efd59a,,,Cambodia_Tooth 31,Cambodia_Tooth 31,#31,#31,,,Misc,N/A,,,,,,,,,,,
9cf3370a-1a5b-4a9b-96c0-fb9c5d5afedf,,,Cambodia_Tooth 32,Cambodia_Tooth 32,#32,#32,,,Misc,N/A,,,,,,,,,,,
2fb6bb8a-793e-41bd-a9d2-83b149b568e6,,,Cambodia_Tooth 33,Cambodia_Tooth 33,#33,#33,,,Misc,N/A,,,,,,,,,,,
ad4853d5-3ddc-4f90-a11b-5fd9d79fd27b,,,Cambodia_Tooth 34,Cambodia_Tooth 34,#34,#34,,,Misc,N/A,,,,,,,,,,,
75bbaea3-195a-4998-adf1-a0a51fb160b2,,,Cambodia_Tooth 35,Cambodia_Tooth 35,#35,#35,,,Misc,N/A,,,,,,,,,,,
4751367f-4ebb-4267-9c2e-e38eeaa78d22,,,Cambodia_Tooth 36,Cambodia_Tooth 36,#36,#36,,,Misc,N/A,,,,,,,,,,,
5c31f59c-f40b-44c8-8e55-8b3da7b9f50b,,,Cambodia_Tooth 37,Cambodia_Tooth 37,#37,#37,,,Misc,N/A,,,,,,,,,,,
d0919b82-2d54-45c6-8cc2-3bc74cb656b1,,,Cambodia_Tooth 38,Cambodia_Tooth 38,#38,#38,,,Misc,N/A,,,,,,,,,,,
ed803583-6090-4690-a578-b1f4547cc81f,,,Cambodia_Tooth 41,Cambodia_Tooth 41,#41,#41,,,Misc,N/A,,,,,,,,,,,
1861667d-19a7-4d02-bffa-7af16acf837d,,,Cambodia_Tooth 42,Cambodia_Tooth 42,#42,#42,,,Misc,N/A,,,,,,,,,,,
bf28f531-83e6-41dc-b84f-a28375e08835,,,Cambodia_Tooth 43,Cambodia_Tooth 43,#43,#43,,,Misc,N/A,,,,,,,,,,,
6940aba8-01dc-44a0-89b5-3a471cb034cb,,,Cambodia_Tooth 44,Cambodia_Tooth 44,#44,#44,,,Misc,N/A,,,,,,,,,,,
f34af129-9741-48c1-a35b-4767a50b0c24,,,Cambodia_Tooth 45,Cambodia_Tooth 45,#45,#45,,,Misc,N/A,,,,,,,,,,,
b29a4700-93b3-4566-a9ba-fddea7667afe,,,Cambodia_Tooth 46,Cambodia_Tooth 46,#46,#46,,,Misc,N/A,,,,,,,,,,,
be62c1c3-917f-4baa-9b49-c7ff7b3ab6ac,,,Cambodia_Tooth 47,Cambodia_Tooth 47,#47,#47,,,Misc,N/A,,,,,,,,,,,
816170fc-2822-4f37-a743-b6e56524e945,,,Cambodia_Tooth 48,Cambodia_Tooth 48,#48,#48,,,Misc,N/A,,,,,,,,,,,
814b3a8a-02d9-4e86-a1d9-094b508f510d,,,Cambodia_Tooth 51,Cambodia_Tooth 51,#51,#51,,,Misc,N/A,,,,,,,,,,,
41422e8c-5203-478a-991b-5244795b16b5,,,Cambodia_Tooth 52,Cambodia_Tooth 52,#52,#52,,,Misc,N/A,,,,,,,,,,,
899f0ab3-a21a-4310-8efe-a7ac475e62e1,,,Cambodia_Tooth 53,Cambodia_Tooth 53,#53,#53,,,Misc,N/A,,,,,,,,,,,
e63c3d6d-df91-4c65-95b0-c898deaf583a,,,Cambodia_Tooth 54,Cambodia_Tooth 54,#54,#54,,,Misc,N/A,,,,,,,,,,,
4a49bba7-72c2-4413-b4bb-03621b8fe017,,,Cambodia_Tooth 55,Cambodia_Tooth 55,#55,#55,,,Misc,N/A,,,,,,,,,,,
659afcb2-ebe5-4da5-8932-edb8d8ce827e,,,Cambodia_Tooth 61,Cambodia_Tooth 61,#61,#61,,,Misc,N/A,,,,,,,,,,,
c2ba3ce7-7de0-47e4-bcfa-021986a53a10,,,Cambodia_Tooth 62,Cambodia_Tooth 62,#62,#62,,,Misc,N/A,,,,,,,,,,,
0e0ab6c2-8140-437b-933d-241d6f2d04da,,,Cambodia_Tooth 63,Cambodia_Tooth 63,#63,#63,,,Misc,N/A,,,,,,,,,,,
9930616d-7a82-4e41-aab4-03660c5e62b2,,,Cambodia_Tooth 64,Cambodia_Tooth 64,#64,#64,,,Misc,N/A,,,,,,,,,,,
f0bc7612-ead3-4bbc-a83a-2a5d30a59089,,,Cambodia_Tooth 65,Cambodia_Tooth 65,#65,#65,,,Misc,N/A,,,,,,,,,,,
2a8f7866-27ac-4c00-b5c6-2423cbb9a47e,,,Cambodia_Tooth 71,Cambodia_Tooth 71,#71,#71,,,Misc,N/A,,,,,,,,,,,
e0864417-2b19-4422-9d45-9a141dff0f2d,,,Cambodia_Tooth 72,Cambodia_Tooth 72,#72,#72,,,Misc,N/A,,,,,,,,,,,
cd7e3e3e-c72a-4ed9-9ccb-edc7e9e0920e,,,Cambodia_Tooth 73,Cambodia_Tooth 73,#73,#73,,,Misc,N/A,,,,,,,,,,,
a220fc14-c4ca-4068-88de-e91a468fb2dc,,,Cambodia_Tooth 74,Cambodia_Tooth 74,#74,#74,,,Misc,N/A,,,,,,,,,,,
1779cd4c-6943-4915-9dd7-b12ba26175bf,,,Cambodia_Tooth 75,Cambodia_Tooth 75,#75,#75,,,Misc,N/A,,,,,,,,,,,
60ae498e-4828-4d7a-8e90-11d80f6e3e35,,,Cambodia_Tooth 81,Cambodia_Tooth 81,#81,#81,,,Misc,N/A,,,,,,,,,,,
cb793817-a5bd-436c-9123-5c98d3f2cc52,,,Cambodia_Tooth 82,Cambodia_Tooth 82,#82,#82,,,Misc,N/A,,,,,,,,,,,
97d9e90a-c916-4373-a55e-06b579aee7c7,,,Cambodia_Tooth 83,Cambodia_Tooth 83,#83,#83,,,Misc,N/A,,,,,,,,,,,
d6f0be65-57a7-4bc3-9e3c-6fae65e47409,,,Cambodia_Tooth 84,Cambodia_Tooth 84,#84,#84,,,Misc,N/A,,,,,,,,,,,
1bcf052c-9f31-4fa3-baef-a8ca6f27a13c,,,Cambodia_Tooth 85,Cambodia_Tooth 85,#85,#85,,,Misc,N/A,,,,,,,,,,,
ff8067fe-d423-4586-a944-74beb30888f5,,,Cambodia_Missing Teeth,Cambodia_Missing Teeth,Missing Teeth,ធ្មេញបាក់,,,Question,Coded,,CAMBODIA_Tooth 11; CAMBODIA_Tooth 12; CAMBODIA_Tooth 13; CAMBODIA_Tooth 14; CAMBODIA_Tooth 15; CAMBODIA_Tooth 16; CAMBODIA_Tooth 17; CAMBODIA_Tooth 18; CAMBODIA_Tooth 21; CAMBODIA_Tooth 22; CAMBODIA_Tooth 23; CAMBODIA_Tooth 24; CAMBODIA_Tooth 25; CAMBODIA_Tooth 26; CAMBODIA_Tooth 27; CAMBODIA_Tooth 28; CAMBODIA_Tooth 31; CAMBODIA_Tooth 32; CAMBODIA_Tooth 33; CAMBODIA_Tooth 34; CAMBODIA_Tooth 35; CAMBODIA_Tooth 36; CAMBODIA_Tooth 37; CAMBODIA_Tooth 38; CAMBODIA_Tooth 41; CAMBODIA_Tooth 42; CAMBODIA_Tooth 43; CAMBODIA_Tooth 44; CAMBODIA_Tooth 45; CAMBODIA_Tooth 46; CAMBODIA_Tooth 47; CAMBODIA_Tooth 48; CAMBODIA_Tooth 51; CAMBODIA_Tooth 52; CAMBODIA_Tooth 53; CAMBODIA_Tooth 54; CAMBODIA_Tooth 55; CAMBODIA_Tooth 61; CAMBODIA_Tooth 62; CAMBODIA_Tooth 63; CAMBODIA_Tooth 64; CAMBODIA_Tooth 65; CAMBODIA_Tooth 71; CAMBODIA_Tooth 72; CAMBODIA_Tooth 73; CAMBODIA_Tooth 74; CAMBODIA_Tooth 75; CAMBODIA_Tooth 81; CAMBODIA_Tooth 82; CAMBODIA_Tooth 83; CAMBODIA_Tooth 84; CAMBODIA_Tooth 85; ,,,,,,,,,
04ef5555-f48d-4a57-937a-c8c67e87c3a4,,,Cambodia_Teeth Extracted,Cambodia_Teeth Extracted,Teeth Extracted,ដកធ្មេញ,,,Question,Coded,,CAMBODIA_Tooth 11; CAMBODIA_Tooth 12; CAMBODIA_Tooth 13; CAMBODIA_Tooth 14; CAMBODIA_Tooth 15; CAMBODIA_Tooth 16; CAMBODIA_Tooth 17; CAMBODIA_Tooth 18; CAMBODIA_Tooth 21; CAMBODIA_Tooth 22; CAMBODIA_Tooth 23; CAMBODIA_Tooth 24; CAMBODIA_Tooth 25; CAMBODIA_Tooth 26; CAMBODIA_Tooth 27; CAMBODIA_Tooth 28; CAMBODIA_Tooth 31; CAMBODIA_Tooth 32; CAMBODIA_Tooth 33; CAMBODIA_Tooth 34; CAMBODIA_Tooth 35; CAMBODIA_Tooth 36; CAMBODIA_Tooth 37; CAMBODIA_Tooth 38; CAMBODIA_Tooth 41; CAMBODIA_Tooth 42; CAMBODIA_Tooth 43; CAMBODIA_Tooth 44; CAMBODIA_Tooth 45; CAMBODIA_Tooth 46; CAMBODIA_Tooth 47; CAMBODIA_Tooth 48; CAMBODIA_Tooth 51; CAMBODIA_Tooth 52; CAMBODIA_Tooth 53; CAMBODIA_Tooth 54; CAMBODIA_Tooth 55; CAMBODIA_Tooth 61; CAMBODIA_Tooth 62; CAMBODIA_Tooth 63; CAMBODIA_Tooth 64; CAMBODIA_Tooth 65; CAMBODIA_Tooth 71; CAMBODIA_Tooth 72; CAMBODIA_Tooth 73; CAMBODIA_Tooth 74; CAMBODIA_Tooth 75; CAMBODIA_Tooth 81; CAMBODIA_Tooth 82; CAMBODIA_Tooth 83; CAMBODIA_Tooth 84; CAMBODIA_Tooth 85; ,,,,,,,,,
71fadadf-7706-45eb-98f7-4a4168023729,,,Cambodia_Teeth Filled,Cambodia_Teeth Filled,Teeth Filled,ប៉ះធ្មេញ,,,Question,Coded,,CAMBODIA_Tooth 11; CAMBODIA_Tooth 12; CAMBODIA_Tooth 13; CAMBODIA_Tooth 14; CAMBODIA_Tooth 15; CAMBODIA_Tooth 16; CAMBODIA_Tooth 17; CAMBODIA_Tooth 18; CAMBODIA_Tooth 21; CAMBODIA_Tooth 22; CAMBODIA_Tooth 23; CAMBODIA_Tooth 24; CAMBODIA_Tooth 25; CAMBODIA_Tooth 26; CAMBODIA_Tooth 27; CAMBODIA_Tooth 28; CAMBODIA_Tooth 31; CAMBODIA_Tooth 32; CAMBODIA_Tooth 33; CAMBODIA_Tooth 34; CAMBODIA_Tooth 35; CAMBODIA_Tooth 36; CAMBODIA_Tooth 37; CAMBODIA_Tooth 38; CAMBODIA_Tooth 41; CAMBODIA_Tooth 42; CAMBODIA_Tooth 43; CAMBODIA_Tooth 44; CAMBODIA_Tooth 45; CAMBODIA_Tooth 46; CAMBODIA_Tooth 47; CAMBODIA_Tooth 48; CAMBODIA_Tooth 51; CAMBODIA_Tooth 52; CAMBODIA_Tooth 53; CAMBODIA_Tooth 54; CAMBODIA_Tooth 55; CAMBODIA_Tooth 61; CAMBODIA_Tooth 62; CAMBODIA_Tooth 63; CAMBODIA_Tooth 64; CAMBODIA_Tooth 65; CAMBODIA_Tooth 71; CAMBODIA_Tooth 72; CAMBODIA_Tooth 73; CAMBODIA_Tooth 74; CAMBODIA_Tooth 75; CAMBODIA_Tooth 81; CAMBODIA_Tooth 82; CAMBODIA_Tooth 83; CAMBODIA_Tooth 84; CAMBODIA_Tooth 85; ,,,,,,,,,
e18d5194-0e7c-4c43-aef2-70cb1c95bcde,,,Cambodia_Is Small Dental Surgery Performed,Cambodia_Is Small Dental Surgery Performed,Small Surgery Performed,បានធ្វើវះកាត់តូច,,,Question,Boolean,,,,,,,,,,,
a1d38628-f141-4f05-a774-6a3b9ced8542,,,Cambodia_Stitches (Suture),Cambodia_Stitches (Suture),Stitches (Suture),ដេរ,,,Misc,N/A,,,,,,,,,,,
9931cd16-0fa7-4240-9142-7df53362fac6,,,Cambodia_Drain Dental Abscess,Cambodia_Drain Dental Abscess,Drain Dental Abscess,វះបង្ហូរខ្ទុះ,,,Misc,N/A,,,,,,,,,,,
066ffe69-f583-4c48-b2b8-a2233659da5c,,,Cambodia_Coded Small Dental Surgery Performed,Cambodia_Coded Small Dental Surgery Performed,Small Surgery Type,ប្រភេទវះកាត់តូច,,,Question,Coded,,Cambodia_Stitches (Suture); Cambodia_Drain Dental Abscess,,,,,,,,,
1137066c-9fb5-4f5d-8dea-087c5773234f,,,Cambodia_Other Small Dental Surgery,Cambodia_Other Small Dental Surgery,Other Small Surgery,ទំរង់ការផ្សេងៗ,,,Question,Text,,,,,,,,,,,
b3476214-6469-4010-8494-3d240d112d1d,,,Cambodia_Small Dental Surgery Set,Cambodia_Small Dental Surgery Set,Small Surgery,វះកាត់តូច,,,ConvSet,N/A,,,Cambodia_Coded Small Dental Surgery Performed; Cambodia_Other Small Dental Surgery,,,,,,,,
f5faa5e4-e0c6-46de-b330-421532c8181c,,,Cambodia_Scaling,Cambodia_Scaling,Scaling,សំអាតកំបោរ,,,Question,Boolean,,,,,,,,,,,
0174e79f-6360-4c79-a176-48ad54e8094a,,,Cambodia_Prevention Education,Cambodia_Prevention Education,Prevention Education,អប់រំពីការពារធ្មេញ,,,Question,Boolean,,,,,,,,,,,
a49d76d0-d98d-44a3-b9a4-0cdc3ea224a9,,,Cambodia_Prevention Fluoride,Cambodia_Prevention Fluoride,Fluoride Treatment,ការពារដោយ​ Fluoride,,,Question,Boolean,,,,,,,,,,,
0deae587-9cf6-43d4-98ab-b6e374a3b29e,,,Cambodia_Dental Notes,Cambodia_Dental Notes,Dental Notes,កំណត់ធ្មេញ,,,Question,Text,,,,,,,,,,,
b61679be-456b-4a82-9d65-397d6fc9110f,,,Cambodia_Dental Exam Form,Cambodia_Dental Exam Form,Dental Exam,ការពិនិត្យធ្មេញ,,,ConvSet,N/A,,,Cambodia_Missing Teeth; Cambodia_Teeth Extracted; Cambodia_Teeth Filled;Cambodia_Small Dental Surgery Set; Cambodia_Scaling; Cambodia_Prevention Education; Cambodia_Prevention Fluoride;Cambodia_Dental Notes,,,,,,,,
d41795bf-0b23-4cd8-89a0-dcbc9174644b,,,Cambodia_Referred To,Cambodia_Referred To,Referred to,បញ្ចូនមកដល់,,,Question,Text,,,,,,,,,,,
3a560e7f-dfe5-429f-9b8c-f0896c62e5e5,,,Cambodia_Referral Notes,Cambodia_Referral Notes,Referral Notes,កំណត់ត្រាបញ្ចូនមក,,,Question,Text,,,,,,,,,,,
89207061-8766-4cc9-bb52-5093959b4453,,,Cambodia_Height less than 145cm,Cambodia_Height less than 145cm,Height less than 145cm,,,,Misc,N/A,,,,,,,,,,,
f23a0642-2aba-4737-b914-b4288d58423b,,,Cambodia_Previous C-section,Cambodia_Previous C-section,Previous C-section,,,,Misc,N/A,,,,,,,,,,,
2f790da3-0669-47c8-95ba-2ce5d4a4936b,,,Cambodia_Danger Signs,Cambodia_Danger Signs,Danger Signs,,,,Misc,N/A,,,,,,,,,,,
0e0be566-5123-4fde-a733-4ac296131686,,,Cambodia_Malposition,Cambodia_Malposition,Malposition,,,,Misc,N/A,,,,,,,,,,,
2385eb5b-0948-4593-a805-01b6c6b179a1,,,Cambodia_Multiple Pregnancy,Cambodia_Multiple Pregnancy,Multiple Pregnancy,,,,Misc,N/A,,,,,,,,,,,
8c5c3546-b414-4d15-b8d4-5c9b40308def,,,Cambodia_ANC Referral,Cambodia_ANC Referral,ANC Referral,,,,Question,Boolean,,,,,,,,,,,
54b9a49c-0f35-4004-8a4a-84d23720e9ba,,,Cambodia_ANC Referral Reason,Cambodia_ANC Referral Reason,ANC Referral Reason,,,,Question,Coded,,Cambodia_Height less than 145cm; Cambodia_Previous C-section; Cambodia_Danger Signs; Cambodia_Malposition; Cambodia_Multiple Pregnancy,,,,,,,,,
149b554f-1857-4112-bf98-bfcefb19d048,,,Cambodia_Referral Form,Cambodia_Referral Form,Referral,បញ្ចូនមកពី,,,ConvSet,N/A,,,Cambodia_Referred To;  Cambodia_ANC Referral; Cambodia_ANC Referral Reason;Cambodia_Referral Notes;,,,,,,,,
55c58724-b41f-42dc-b838-832118722ae3,,,Cambodia_ANC Visit 1,Cambodia_ANC Visit 1,Visit 1,ពិនិត្យ ទី 1,,,Misc,N/A,,,,,,,,,,,
5a18f9e3-a24f-4fde-bcf9-b6ca29f92aab,,,Cambodia_ANC Visit 2,Cambodia_ANC Visit 2,Visit 2,ពិនិត្យ ទី 2,,,Misc,N/A,,,,,,,,,,,
e516ddc8-9d19-493e-a858-87ddb57cd12d,,,Cambodia_ANC Visit 3,Cambodia_ANC Visit 3,Visit 3,ពិនិត្យ ទី 3,,,Misc,N/A,,,,,,,,,,,
62201633-aef0-4313-a2e2-b662ac686b23,,,Cambodia_ANC Visit 4,Cambodia_ANC Visit 4,Visit 4,ពិនិត្យ ទី 4,,,Misc,N/A,,,,,,,,,,,
73f672a2-4a68-4252-8495-9da5b97c419c,,,Cambodia_ANC Visit Number,Cambodia_ANC Visit Number,Visit Number,លេខពិនិត្យ,,,Question,Coded,,Cambodia_ANC Visit 1; Cambodia_ANC Visit 2; Cambodia_ANC Visit 3; Cambodia_ANC Visit 4,,,,,,,,,
2d015c53-5cc4-4c55-82ad-1aadd94750f1,,,Cambodia_Gestation,Cambodia_Gestation,Gestation,ដំណើរមានគភ៏,,,Question,Numeric,,,,,Weeks,,,,,,
40d94e20-2f2b-47da-9c01-80863fc18dc7,,,Cambodia_Cough With Sputum More Than 3 Weeks,Cambodia_Cough With Sputum More Than 3 Weeks,cough with sputum >3 weeks,ក្អកមានស្លែស 3 អាទិត្យ ឡើង ,,,Misc,N/A,,,,,,,,,,,
190f8b67-c992-49a8-9caa-2769fa1c8638,,,Cambodia_Signs of Anaemia,Cambodia_Signs of Anaemia,signs of anaemia,សញ្ញា នៃជំងឺស្លេកស្លាំង,,,Misc,N/A,,,,,,,,,,,
3289241c-cf17-4fd5-b26d-8f11cef32789,,,Cambodia_Fever,Cambodia_Fever,Cambodia fever,ក្តៅខ្លួន,,,Misc,N/A,,,,,,,,,,,
b0b63a9b-d1e6-4d5d-a1b5-14a0facb15da,,,Cambodia_Vaginal Bleeding,Cambodia_Vaginal Bleeding,vaginal bleeding,ធ្លាក់ឈាមតាមទ្វារមាស,,,Misc,N/A,,,,,,,,,,,
86fed86d-6489-49fc-b87c-167485ba56e5,,,Cambodia_ANC_Symptoms,Cambodia_ANC_Symptoms,Symptoms,រោគសញ្ញា,,,Question,Coded,,Cambodia_Vaginal Bleeding; Cambodia_Fever; Cambodia_Cough With Sputum More Than 3 Weeks; Cambodia_Signs of Anaemia,,,,,,,,,
7a4cbf95-9aea-4220-8dbb-4c24adfd9074,,,Cambodia_Fetal Pulse,Cambodia_Fetal Pulse,Fetal Pulse,ជិពចររបស់គភ៏,,,Question,Numeric,,,,,,90,150,0,500,,
64204119-26b1-4aa2-a885-f73be36ce6ab,,,Cambodia_Fetal Pulse Abnormal,Cambodia_Fetal Pulse Abnormal,Abnormal Fetal Pulse,ចង្វាក់ជិពចរ មិនធម្មតា របស់ គភ៏,,,Abnormal,Boolean,,,,,,,,,,,
4342862e-4ce1-4451-89cd-44d15f46a639,,,Cambodia_Fetal Pulse Data,Cambodia_Fetal Pulse Data,Fetal Pulse,ជិពចរ របស់ គភ៏,,,Concept Details,N/A,,,Cambodia_Fetal Pulse; Cambodia_Fetal Pulse Abnormal,,,,,,,,
fc8c91d2-a417-47ae-8ed9-9fdf45e62b58,,,Cambodia_Vital Signs ANC Set,Cambodia_Vital Signs ANC Set,Vital Signs,សញ្ញាជីវិត,,,ConvSet,N/A,,,Cambodia_Blood Pressure Set; Cambodia_Temperature Data; Cambodia_Pulse; Cambodia_Fetal Pulse; ,,,,,,,,
d15e8e6a-7843-4dc7-a71a-d7234dedc6f1,,,Cambodia_Stomach_Diameter,Cambodia_Stomach_Diameter,Stomach Diameter (cm),កំពស់ស្បូន​(សង្ទីម៉ែត្រ),,,Question,Numeric,,,,TRUE,,,,0,,,
fc892016-1750-45c0-aa3a-d1400e4fc8d7,,,Cambodia_Height Of Uterus,Cambodia_Height Of Uterus,Height of Uterus,,,,Question,Numeric,,,,,,,,,,,
3a2caec4-3b96-4814-8c00-3d02023b23d8,,,Cambodia_Head,Cambodia_Head,Head,ក្បាល,,,Misc,N/A,,,,,,,,,,,
2a418947-371a-4da0-bbba-c9986f096949,,,Cambodia_Breech,Cambodia_Breech,Breech,ក្រោយ(គួត ឬ ជើង),,,Misc,N/A,,,,,,,,,,,
ddfd8473-db9b-42ec-b7eb-1b831b831ce7,,,Cambodia_Shoulder,Cambodia_Shoulder,Shoulder,ស្មា,,,Misc,N/A,,,,,,,,,,,
82f43ce1-98bf-4a67-b15a-59ec77ff2c1b,,,Cambodia_Presenting Part,Cambodia_Presenting Part,Presenting Part,ផ្នែកនៃការកើតរបស់គភ៏,,,Question,Coded,,Cambodia_Head; Cambodia_Breech; Cambodia_Shoulder,,,,,,,,,
b5e4bb4a-06be-4cf0-87ca-6d69efc314bb,,,Cambodia_Other ANC Problems,Cambodia_Other ANC Problems,Other Problems,បញ្ហាផ្សេងៗ,,,Question,Text,,,,,,,,,,,
6c5dd06c-430b-4258-947f-ab925bf3cc9d,,,Cambodia_Prenatal Care,Cambodia_Prenatal Care,Prenatal Care,ការមើលថែមុនសំរាល,,,Misc,N/A,,,,,,,,,,,
6af2550f-88b4-4c29-952d-7e1517a55160,,,Cambodia_Prevention,Cambodia_Prevention,Prevention,ការការពារ,,,Misc,N/A,,,,,,,,,,,
cdc22604-4cab-457c-aa87-dafe6a544f14,,,Cambodia_Dangerous signs,Cambodia_Dangerous signs,Dangerous Signs,សញ្ញាគ្រោះថ្នាក់,,,Misc,N/A,,,,,,,,,,,
238968dc-e111-4d81-a83f-e423eb4e1879,,,Cambodia_Delivery planning,Cambodia_Delivery planning,Delivery Planning,ផែនការសម្រាល,,,Misc,N/A,,,,,,,,,,,
501928a4-9411-462e-9c31-32464a0ea2cc,,,Cambodia_Breast Feeding,Cambodia_Breast Feeding,Breast Feeding,បំបៅដោះ,,,Misc,N/A,,,,,,,,,,,
d8d05dfd-607e-4a97-9ae4-13ddd0d078a6,,,Cambodia_Newborn Care,Cambodia_Newborn Care,Newborn Care,ការមើលថែរក្សាទារក,,,Misc,N/A,,,,,,,,,,,
6ff097c2-233a-47b8-a191-b7d359eebe3a,,,Cambodia_Postnatal Care,Cambodia_Postnatal Care,Postnatal Care,ការមើលថែរក្សា ក្រោយសំរាល,,,Misc,N/A,,,,,,,,,,,
3bd5afbe-e68e-4e61-b7e8-937d060043d2,,,Cambodia_Immunization,Cambodia_Immunization,Immunization,ថ្នាំបង្ការ,,,Misc,N/A,,,,,,,,,,,
be43dcd6-f886-45e6-bfe2-7c20724aeb3f,,,Cambodia_Education Topic,Cambodia_Education Topic,Education Topic,ប្រធានបទអប់រំ,,,Question,Coded,,Cambodia_Prenatal Care; Cambodia_Prevention; Cambodia_Dangerous Signs; Cambodia_Delivery Planning; Cambodia_Breast Feeding; Cambodia_Newborn Care ; Cambodia_Postnatal Care; Cambodia_Immunization; ,,,,,,,,,
85ebcba1-d841-4bd8-8516-2d9ac640aa7c,,,Cambodia_Followup Appointment Date,Cambodia_Followup Appointment Date,Followup Appointment Date,តាមដានកាលបរិច្ឆេទណាត់ជួប,,,Question,Date,,,,,,,,,,,
afa5c26b-c606-469f-9d7e-6fcd0b1549ff,,,Cambodia_ANC Notes,Cambodia_ANC Notes,Notes [give mebendazole after 1st trimester - do not give albendazole during pregnancy],កំណត់ត្រា [ផ្ដល់ថ្នាំ មេបង់ដាហ្សូល បន្ទាប់ពី​គភ៌មាន អយុ4ខែ(មិនអោយ អាល់បង់ដាហ្សូល],,,Question,Text,,,,,,,,,,,
b0df6799-3109-418f-a573-2e2381c8c1e6,,,Cambodia_ANC Visit Form,Cambodia_ANC Visit Form,ANC - Visit,ការថែទាំមុនសំរាល,,,ConvSet,N/A,,,Cambodia_ANC Visit Number; Cambodia_Gestation; Cambodia_ANC_Symptoms; Cambodia_Fetal Pulse; Cambodia_Stomach_Diameter;Cambodia_Height Of Uterus; Cambodia_Presenting Part; Cambodia_Other ANC Problems; Cambodia_Education Topic; Cambodia_Followup Appointment Date; Cambodia_ANC Notes;,,,,,,,,
7ee633a2-b7a1-4d94-b7fa-b353f7fdf7f2,,,Cambodia_Date of Last Delivery,Cambodia_Date of Last Delivery,Date of last delivery,កំណត់ថ្ងៃកើតចុងក្រោយ,,,Question,Date,,,,,,,,,,,
aa818441-3f1c-4a01-9e1a-9f90b47677f4,,,Cambodia_Date of Last Menstrual Period,Cambodia_Date of Last Menstrual Period,Date of last menstrual period,ថ្ងៃមករដូវចុងក្រោយ,,,Question,Date,,,,,,,,,,,
30cd6abd-7713-40cc-aa19-974184599be8,,,Cambodia_Expected Due Date,Cambodia_Expected Due Date,Estimated due date,ការកំណត់ពេលប្រហាក់ប្រហែល ,,,Question,Date,,,,,,,,,,,
47063f87-fec7-4e3b-917c-03fa9b74beb1,,,Cambodia_Preg blood glucose,Cambodia_Preg blood glucose,low/high blood glucose ,ចុះជាតិស្ករ​/​ឡេីង​ជាតិស្ករ,,,Misc,N/A,,,,,,,,,,,
2a559025-d669-49fd-8b14-545a2a810d34,,,Cambodia_Preg hypertension,Cambodia_Preg hypertension,hypertension​​​​,ឡេីង​សម្ពាធឈាម,,,Misc,N/A,,,,,,,,,,,
4bba3112-bae8-4322-962e-7d4d70382f5f,,,Cambodia_Preg edema,Cambodia_Preg edema,peripheral edema​​​​​​​​ ​,ហេីមជេីងដៃ,,,Misc,N/A,,,,,,,,,,,
9f0ec571-cd97-49f1-87b0-a08bba0c76b6,,,Cambodia_Preg bleeding,Cambodia_Preg bleeding,vaginal bleeding​​​,ធ្លាក់ឈាម,,,Misc,N/A,,,,,,,,,,,
b7283c83-7d0d-4f0f-a4f1-bb54808e9422,,,Cambodia_Preg discharge,Cambodia_Preg discharge,vaginal discharge,​ធ្លាក់សរ,,,Misc,N/A,,,,,,,,,,,
af481bd1-a826-473d-80bc-6094892347e4,,,Cambodia_Preg abdominal pain,Cambodia_Preg abdominal pain,abdominal pain ,ឈឺពោះ,,,Misc,N/A,,,,,,,,,,,
bdc82b7b-ba1f-4af7-9768-324d13fc5d67,,,Cambodia_Problems During Last Pregnancy,Cambodia_Problems During Last Pregnancy,Significant Problems During Last Pregnancy,មានបញ្ហាខ្លះៗក្នុងពេលមានគភ៏ចុងក្រោយ,,,Question,Coded,,Cambodia_Preg blood glucose;Cambodia_Preg hypertension;Cambodia_Preg edema;Cambodia_Preg bleeding;Cambodia_Preg discharge;Cambodia_Preg abdominal pain;,,,,,,,,,
29bc12f6-dae7-4294-90ea-b97c9e7ad132,,,Cambodia_Problems During Last Pregnancy Details,Cambodia_Problems During Last Pregnancy Details,Significant Problems During Last Pregnancy Details,និយាយពីបញ្ហាខ្លះៗ នៃពេលមានគភ៏ចុងក្រោយ,,,Question,Text,,,,,,,,,,,
911c9d0d-93c8-4263-b971-c9f7fe95b7ea,,,Cambodia_Problems During Last Pregnancy Set,Cambodia_Problems During Last Pregnancy Set,Significant Problems During Last Pregnancy,មានបញ្ហាខ្លះៗក្នុងពេលមានគភ៏ចុងក្រោយ,,,ConvSet,N/A,,,Cambodia_Problems During Last Pregnancy; Cambodia_Problems During Last Pregnancy Details,,,,,,,,
b777525a-5756-4891-81ba-917efb134942,,,Cambodia_Problems During Last Delivery,Cambodia_Problems During Last Delivery,Significant Problems During Last Delivery,មានបញ្ហាខ្លះៗក្នុងកុំឡុងពេលកើតកូនចុងក្រោយ,,,Question,Boolean,,,,,,,,,,,
a266eece-135d-4749-843b-f55f8e9169a2,,,Cambodia_Problems During Last Delivery Details,Cambodia_Problems During Last Delivery Details,Significant Problems During Last Delivery Details,និយាយពី,,,Question,Text,,,,,,,,,,,
da0a94ab-85e7-439c-9f63-07c026faa5d2,,,Cambodia_Problems During Last Delivery Set,Cambodia_Problems During Last Delivery Set,Significant Problems During Last Delivery,មានបញ្ហាខ្លះៗក្នុងកុំឡុងពេលកើតកូនចុងក្រោយ,,,ConvSet,N/A,,,Cambodia_Problems During Last Delivery; Cambodia_Problems During Last Delivery Details,,,,,,,,
52dc8316-5c2f-4e2a-b3af-7a0e5b4ab8b7,,,Cambodia_Previous Caesarean Section,Cambodia_Previous Caesarean Section,Previous Caesarean Section,កើតកូនដោយវះ,,,Question,Boolean,,,,,,,,,,,
968ffdda-b23d-48a9-90f2-5eb5d1bc92d1,,,Cambodia_Previous Caesarean Section Details,Cambodia_Previous Caesarean Section Details,Previous Caesarean Section Details,ពិពណ៌នាពេលកើតកូន,,,Question,Text,,,,,,,,,,,
f978948f-e960-4bba-8c8a-49231f6aee92,,,Cambodia_Previous Caesarean Section Set,Cambodia_Previous Caesarean Section Set,Previous Caesarean Section,កើតកូនដោយវះ,,,ConvSet,N/A,,,Cambodia_Previous Caesarean Section; Cambodia_Previous Caesarean Section Details,,,,,,,,
860d95d0-db4d-49a6-877e-faec9997d3ac,,,Cambodia_Pregnancy Number,Cambodia_Pregnancy Number,Number of Pregnancies incl. miscarriages/abortions,ចំនួននៃផ្ទៃពោះរួមទាំងការលូតកូន/ការរំលូតកូន,,,Question,Numeric,,,,,,,,0,,,
0090ed62-7cd7-4e8b-a4b4-d3b9926ad701,,,Cambodia_Abortions,Cambodia_Abortions,Miscarriages/Abortions (surviving <28wk OR weight <1kg),ការលូតកូន/ការរំលូតកូន(នៅរស់<២៨អាទិត្យឬរហូតដល់ទំងន់<១គក),,,Question,Numeric,,,,,,,,0,,,
3d258dc2-80c5-444e-a1e1-2fbddbc4a4ab,,,Cambodia_Newborn Survived,Cambodia_Newborn Survived,"Children surviving >28wk OR weight >1kg (incl. living children, miscarriages after 28wk/1kg)",នៅរស់>២៨អាទិត្យឬរហូតដល់ទំងន់>១គក(រួមទាំងនៅរស់/ការលូតកូនក្រោយមក២៨អាទិត្យ/១គក),,,Question,Numeric,,,,,,,,0,,,
4e0a29d3-efe8-4955-ae47-bd17e5e62f8a,,,Cambodia_Living Children,Cambodia_Living Children,Living Children,នៅរស់,,,Question,Numeric,,,,,,,,0,,,
a830aa9e-937c-47e2-9e81-1a948868646f,,,Cambodia_ANC Obstetric History Form,Cambodia_ANC Obstetric History Form,ANC - Obstetric History,ប្រវត្តិសម្ភព,,,ConvSet,N/A,,,Cambodia_Pregnancy Number; Cambodia_Abortions; Cambodia_Newborn Survived; Cambodia_Living Children; Cambodia_Date of Last Delivery; Cambodia_Date of Last Menstrual Period; Cambodia_Expected Due Date; Cambodia_Previous Caesarean Section Set; Cambodia_Problems During Last Pregnancy Set; Cambodia_Problems During Last Delivery Set; Cambodia_Pregnant Women Immunizations Set,,,,,,,,
1e1cc37f-a28d-4955-9296-da9cf39c9103,,,Cambodia_Positive,Cambodia_Positive,Positive (+),Positive (+),,,Misc,N/A,,,,,,,,,,,
f7ece0a6-215a-4a09-9b58-b85695134a95,,,Cambodia_Negative,Cambodia_Negative,Negative (-),Negative (-),,,Misc,N/A,,,,,,,,,,,
e79b565a-b23b-4c9f-9812-494e8cecbc9b,,,Cambodia_LEU,Cambodia_LEU,LEU,LEU,,,Question,Coded,,Cambodia_Positive; Cambodia_Negative,,,,,,0,5,,
2d544614-6767-4cce-b5c8-603bf998d3f0,,,Cambodia_NIT,Cambodia_NIT,NIT,NIT,,,Question,Coded,,Cambodia_Positive; Cambodia_Negative,,,,,,0,7,,
a5775161-6a40-4075-9a47-5afbd95a98d8,,,Cambodia_URO,Cambodia_URO,URO,URO,,,Question,Coded,,Cambodia_Positive; Cambodia_Negative,,,,,,0,6,,
29aaab64-04a1-4f86-ac57-0bc95331ade5,,,Cambodia_PRO,Cambodia_PRO,PRO,PRO,,,Question,Coded,,Cambodia_Positive; Cambodia_Negative,,,,,,0,6,,
5f249563-3085-4890-95bb-cae0e4f9036b,,,Cambodia_pH,Cambodia_pH,pH,pH,,,Question,Numeric,,,,TRUE,,,,0,7,,
f498e196-a7d5-4f9d-984e-62de5ffb3df3,,,Cambodia_BLO,Cambodia_BLO,BLO,BLO,,,Question,Coded,,Cambodia_Positive; Cambodia_Negative,,,,,,0,7,,
8db38378-bb42-43a3-8f6a-e9cb9884305c,,,Cambodia_SG,Cambodia_SG,SG,SG,,,Question,Coded,,Cambodia_Positive; Cambodia_Negative,,,,,,0,7,,
f463b41c-5a2a-4123-ba0e-56dca58a620e,,,Cambodia_KET,Cambodia_KET,KET,KET,,,Question,Coded,,Cambodia_Positive; Cambodia_Negative,,,,,,0,6,,
f28f6d25-8c38-4fed-960e-289247644922,,,Cambodia_BIL,Cambodia_BIL,BIL,BIL,,,Question,Coded,,Cambodia_Positive; Cambodia_Negative,,,,,,0,4,,
be80192c-586a-4a84-a1e3-7c1e1b4efb52,,,Cambodia_GLU,Cambodia_GLU,GLU,GLU,,,Question,Coded,,Cambodia_Positive; Cambodia_Negative,,,,,,0,6,,
a362af71-eb2a-4c16-88bb-1598579ea134,,,Cambodia_ASC,Cambodia_ASC,ASC,ASC,,,Question,Coded,,Cambodia_Positive; Cambodia_Negative,,,,,,0,4,,
fade4f69-cbb9-4b17-9bec-ff141e4651e3,,,Cambodia_Urinalysis,Cambodia_Urinalysis,Urinalysis,ការវិភាគទឹកនោម,,,ConvSet,N/A,,,Cambodia_LEU; Cambodia_NIT; Cambodia_URO; Cambodia_PRO; Cambodia_pH; Cambodia_BLO; Cambodia_SG; Cambodia_KET; Cambodia_BIL; Cambodia_GLU; Cambodia_ASC,,,,,,,,
ec04d9c2-18f7-4c40-b176-9fb9416a3471,,,Cambodia_Fasting Blood Glucose,Cambodia_Fasting Blood Glucose,Fasting Blood Glucose (mg/dL),,,,Question,Numeric,,,,,,,,,,,
d73b16d3-dd0c-42bd-86d6-25db60ba742f,,,Cambodia_PP Blood Glucose,Cambodia_PP Blood Glucose,PP Blood Glucose (mg/dL),,,,Question,Numeric,,,,,,,,,,,
c14d4055-6e6c-4dad-8fa3-e49e134a3b78,,,Cambodia_Pregnancy Test,Cambodia_Pregnancy Test,Pregnancy Test,,,,Question,Coded,,Cambodia_Positive; Cambodia_Negative,,,,,,,,,
413bb7a7-9484-441c-b480-5ed2b675500c,,,Cambodia_Malaria Rapid Test,Cambodia_Malaria Rapid Test,Malaria Rapid Test,,,,Question,Coded,,Cambodia_Positive; Cambodia_Negative,,,,,,,,,
6bb7a159-61d0-4806-9a15-2783089f13c4,,,Cambodia_Lab Tests Orders,Cambodia_Lab Tests Orders,Lab Test Orders,,,,Question,Text,,,,,,,,,,,
89a15fcf-0e48-4673-a00a-405d003e96ea,,,Cambodia_Lab Tests Results Attachment,Cambodia_Lab Tests Results Attachment,Lab Test Results Attachment,,,,Image,Complex,ImageUrlHandler,,,,,,,,,,
62840888-3524-4df1-8365-2e458086efa9,,,Cambodia_Lab Tests Results Notes,Cambodia_Lab Tests Results Notes,Notes,កំណត់ត្រា,,,Question,Text,,,,,,,,,,,
fe0bf801-2377-4c85-8f82-86c31fe2784b,,,Cambodia_Lab Tests Results Form,Cambodia_Lab Tests Results Form,Tests in Clinic,បញ្ជាពិសោធន៍,,,ConvSet,N/A,,,Cambodia_Urinalysis; Cambodia_Fasting Blood Glucose; Cambodia_PP Blood Glucose; Cambodia_Pregnancy Test; Cambodia_Malaria Rapid Test; Cambodia_Lab Tests Results Notes,,,,,,,,
21515af3-f795-48d2-8e3e-773f800603e5,,,Cambodia_Zone A,Cambodia_Zone A,Zone A,តំបន់ A,,,Misc,N/A,,,,,,,,,,,
ab1b1d3e-c726-4c7c-85f1-a08160841e77,,,Cambodia_Zone B,Cambodia_Zone B,Zone B,តំបន់ B,,,Misc,N/A,,,,,,,,,,,
2276acaf-38bb-429d-ab3c-8e2befb95175,,,Cambodia_Zone C,Cambodia_Zone C,Zone C,តំបន់ C,,,Misc,N/A,,,,,,,,,,,
acf4c89a-1731-430a-aefd-a5db1fe96ee8,,,Cambodia_Distance from Health Center,Cambodia_Distance from Health Center,Distance from Health Center,ចម្ងាយពីមណ្ឌលសុខភាព,,,Question,Coded,,Cambodia_Zone A; Cambodia_Zone B; Cambodia_Zone C;,,,,,,,,,
beea297a-4ab7-4ee3-8694-4934526accfd,,,Cambodia_Referred From,Cambodia_Referred From,Referred from,បញ្ចូនមកពី,,,Question,Text,,,,,,,,,,,
33367125-84b4-4768-b5cc-55a05b157b8a,,,Cambodia_Referred From Set,Cambodia_Referred From Set,Referral,បញ្ចូនមក,,,ConvSet,N/A,,,Cambodia_Referred From,,,,,,,,
4aee306a-8f63-48bb-a639-9ff6c777f9ab,,,Cambodia_Registration Fee,Cambodia_Registration Fee,Registration Fee,ថ្លៃ​ចុះឈ្មោះ,,,Question,Numeric,,,,TRUE,KHR,,,,,,
c552a4ab-35ba-4dcf-96a1-a53841bd243b,,,Cambodia_Check,Cambodia_Check,Check,វិក័យប័រត,,,Misc,N/A,,,,,,,,,,,
8aa24554-90db-4b35-9bf1-6c56fc962468,,,Cambodia_Online,Cambodia_Online,Online,ថ្លៃសេវា i,,,Misc,N/A,,,,,,,,,,,
e9951d4e-fccf-4cde-9863-ebdde3d64c13,,,Cambodia_Credit Card,Cambodia_Credit Card,Credit Card,កាត​ឥណទាន,,,Misc,N/A,,,,,,,,,,,
c7836876-314b-4e73-9aaa-14fc41d96c5a,,,Cambodia_Cash,Cambodia_Cash,Cash,សាច់ប្រាក់,,,Misc,N/A,,,,,,,,,,,
7911a81d-8174-46d1-92ae-aa74f5c64e72,,,Cambodia_Payment Method,Cambodia_Payment Method,Payment Method,វិធី​សា​ស្រ្ត​ទូទាត់,,,Question,Coded,,Cambodia_Cash; Cambodia_Credit Card; Cambodia_Check; Cambodia_Online;  ,,,,,,,,,
822554a9-cbb7-457b-833a-c7a8da087998,,,Cambodia_Fee Information,Cambodia_Fee Information,Fee Information,ព័ត៌មានថ្លៃសេវា,,,ConvSet,N/A,,,Cambodia_Registration Fee; Cambodia_Payment Method,,,,,,,,
47c6c23e-ce4f-483f-b2e3-f312ace2c0b5,,,PO - Oral,PO - Oral,PO - Oral,PO - Oral,,,Misc,N/A,,,,,,,,,,,
e759843c-9d94-4787-b420-466ecaa79b63,,,Tongue,Tongue,Tongue,Tongue,,,Misc,N/A,,,,,,,,,,,
fa364ab6-bf18-4eac-b8e0-4c92c70dc5eb,,,Eye drop,Eye drop,Eye drop,Eye drop,,,Misc,N/A,,,,,,,,,,,
e1767678-c4cc-49b7-a423-e28ff982a2a4,,,Ear drop,Ear drop,Ear drop,Ear drop,,,Misc,N/A,,,,,,,,,,,
8a15995d-5457-413a-929c-2b5fd373dcac,,,NAS - Nasal (nose),NAS - Nasal (nose),NAS - Nasal (nose),NAS - Nasal (nose),,,Misc,N/A,,,,,,,,,,,
cf671bf6-fe0e-4b95-b22f-b12a6769c12b,,,INH - Inhalation,INH - Inhalation,INH - Inhalation,INH - Inhalation,,,Misc,N/A,,,,,,,,,,,
aa96b9d8-99c3-49da-942b-ca900e435996,,,TOP - Topical (skin),TOP - Topical (skin),TOP - Topical (skin),TOP - Topical (skin),,,Misc,N/A,,,,,,,,,,,
23531819-fb55-462e-97cc-466c4d8a9793,,,SC - Subcutaneous (under skin),SC - Subcutaneous (under skin),SC - Subcutaneous (under skin),SC - Subcutaneous (under skin),,,Misc,N/A,,,,,,,,,,,
dbec9cf2-b37d-463d-9a59-5d88e7f1991f,,,PR - Per rectum,PR - Per rectum,PR - Per rectum,PR - Per rectum,,,Misc,N/A,,,,,,,,,,,
6d01931e-98a1-4b98-806b-9bc9f9a937c4,,,PV - Per vagina,PV - Per vagina,PV - Per vagina,PV - Per vagina,,,Misc,N/A,,,,,,,,,,,
8a10b0a9-b79c-4641-958e-393ec50b4cfd,,,ID - Intradermal,ID - Intradermal,ID - Intradermal,ID - Intradermal,,,Misc,N/A,,,,,,,,,,,
a0198564-709f-4c2b-9d3f-a2e8104ce600,,,IV - Intravenous,IV - Intravenous,IV - Intravenous,IV - Intravenous,,,Misc,N/A,,,,,,,,,,,
7e917374-9cb4-4e2b-a521-7b8a61f12342,,,IM - Intramuscular,IM - Intramuscular,IM - Intramuscular,IM - Intramuscular,,,Misc,N/A,,,,,,,,,,,
1dfe7928-4e15-11e4-8a57-0800271c1b75,,,Abdominal Lump,Abdominal Lump,Abdominal Lump,Abdominal Lump,,,Misc,N/A,,,,,,,,,,,
1e035d7e-4e15-11e4-8a57-0800271c1b75,,,Anasarca,Anasarca,Anasarca,Anasarca,,,Misc,N/A,,,,,,,,,,,
9d697972-3f10-11e4-adec-0800271c1b75,,,Drug Routes,ផ្លូវឱសថ,Drug Routes,ផ្លូវឱសថ,,,ConvSet,N/A,,,PO - Oral; Tongue; Eye drop; Ear drop; NAS - Nasal (nose); INH - Inhalation; TOP - Topical (skin); SC - Subcutaneous (under skin); PR - Per rectum; PV - Per vagina; ID - Intradermal; IV - Intravenous; IM - Intramuscular,,,,,,,,
88e583cf-3bb7-4f68-8acb-2081b70c84d9,,,During Meals,អំឡុងពេលញ៉ាំអាហារ,During meals,អំឡុងពេលញ៉ាំអាហារ,,,Misc,N/A,,,,,,,,,,,
9d8f3516-3f10-11e4-adec-0800271c1b75,,,As directed,តាមទិសដៅ,As Directed,តាមទិសដៅ,,,Misc,N/A,,,,,,,,,,,
9d875aac-3f10-11e4-adec-0800271c1b75,,,Before meals,មុនពេលញ៉ាំអាហារ,Before Meals,មុនពេលញ៉ាំអាហារ,,,Misc,N/A,,,,,,,,,,,
9d88ea4d-3f10-11e4-adec-0800271c1b75,,,After meals,បន្ទាប់ពីអាហាររួច,After Meals,បន្ទាប់ពីអាហាររួច,,,Misc,N/A,,,,,,,,,,,
9d8843ed-3f10-11e4-adec-0800271c1b75,,,Empty stomach,ក្រពះទទេ,Empty Stomach,ក្រពះទទេ,,,Misc,N/A,,,,,,,,,,,
9d89caea-3f10-11e4-adec-0800271c1b75,,,In the morning,នៅ​ពេលព្រឹក,In the Morning,នៅ​ពេលព្រឹក,,,Misc,N/A,,,,,,,,,,,
9d8a7236-3f10-11e4-adec-0800271c1b75,,,In the evening,នៅ​ពេលល្ងាច,In the Evening,នៅ​ពេលល្ងាច,,,Misc,N/A,,,,,,,,,,,
9d8dbcd7-3f10-11e4-adec-0800271c1b75,,,At bedtime,នៅពេលចូលគេង,At Bedtime,នៅពេលចូលគេង,,,Misc,N/A,,,,,,,,,,,
9d86785e-3f10-11e4-adec-0800271c1b75,,,Dosing Instructions,ការណែនាំ,Dosing Instructions,ការណែនាំ,,,ConvSet,N/A,,,As directed; Before meals; During Meals; After meals; Empty stomach; In the morning; In the evening; At bedtime,,,,,,,,
33bc78b1-8a92-11e4-977f-0800271c1b75,,SNOMED:258701004,Minute(s),នាទី,Minute(s),នាទី,,,Misc,N/A,,,,,,,,,,,
bb62c684-3f10-11e4-adec-0800271c1b75,,SNOMED:258702006,Hour(s),ម៉ោង,Hour(s),ម៉ោង,,,Misc,N/A,,,,,,,,,,,
9d7437a9-3f10-11e4-adec-0800271c1b75,,SNOMED:258703001,Day(s),ថ្ងៃ (លំនាំដើម),Day(s),ថ្ងៃ (លំនាំដើម),,,Misc,N/A,,,,,,,,,,,
bb6436e3-3f10-11e4-adec-0800271c1b75,,SNOMED:258705008,Week(s),សប្ដាហ៍,Week(s),សប្ដាហ៍,,,Misc,N/A,,,,,,,,,,,
bb655344-3f10-11e4-adec-0800271c1b75,,SNOMED:258706009,Month(s),ខែ,Month(s),ខែ,,,Misc,N/A,,,,,,,,,,,
9d735b63-3f10-11e4-adec-0800271c1b75,,,Duration Units,ឯកតានៃថិរវេលា,Duration Units,ឯកតានៃថិរវេលា,,,ConvSet,N/A,,,Minute(s); Hour(s); Day(s); Week(s); Month(s),,,,,,,,
9d77abd7-3f10-11e4-adec-0800271c1b75,,,QD - 1X /day,QD - 1X /ថ្ងៃ,QD - 1X /day,QD - 1X /ថ្ងៃ,,,Frequency,N/A,,,,,,,,,,,
9d7c81f9-3f10-11e4-adec-0800271c1b75,,,BID - 2X /day,BID - 2X /ថ្ងៃ,BID - 2X /day,BID - 2X /ថ្ងៃ,,,Frequency,N/A,,,,,,,,,,,
9d7d753b-3f10-11e4-adec-0800271c1b75,,,TID - 3X /day,TID - 3X /ថ្ងៃ,TID - 3X /day,TID - 3X /ថ្ងៃ,,,Frequency,N/A,,,,,,,,,,,
9d83d5f2-3f10-11e4-adec-0800271c1b75,,,QID - 4X /day,QID - 4X /ថ្ងៃ,QID - 4X /day,QID - 4X /ថ្ងៃ,,,Frequency,N/A,,,,,,,,,,,
9d8e6918-3f10-11e4-adec-0800271c1b75,,,STAT - Immediately,STAT - ភ្លាម,STAT - Immediately,STAT - ភ្លាម,,,Frequency,N/A,,,,,,,,,,,
c2ba3844-98b7-4d3c-b98f-4adfc46658ee,,,Capsule(s),Capsule(s),Capsule(s),Capsule(s),,,Misc,N/A,,,,,,,,,,,
86239663-7b04-4563-b877-d7efc4fe6c46,,,Tablet(s),Tablet(s),Tablet(s),Tablet(s),,,Misc,N/A,,,,,,,,,,,
9d65f54b-3f10-11e4-adec-0800271c1b75,,,ml,ml,ml,ml,,,Misc,N/A,,,,,,,,,,,
9d6691d8-3f10-11e4-adec-0800271c1b75,,,mg,mg,mg,mg,,,Misc,N/A,,,,,,,,,,,
333eb629-8a92-11e4-977f-0800271c1b75,,,IU,IU,IU,IU,,,Misc,N/A,,,,,,,,,,,
9d6540e1-3f10-11e4-adec-0800271c1b75,,,Drop,Drop,Drop,Drop,,,Misc,N/A,,,,,,,,,,,
9d5e14bb-3f10-11e4-adec-0800271c1b75,,,Tablespoon,Tablespoon,Tablespoon,Tablespoon,,,Misc,N/A,,,,,,,,,,,
9d5d5f6e-3f10-11e4-adec-0800271c1b75,,,Teaspoon,Teaspoon,Teaspoon,Teaspoon,,,Misc,N/A,,,,,,,,,,,
333f4c20-8a92-11e4-977f-0800271c1b75,,,Unit(s),Unit(s),Unit(s),Unit(s),,,Misc,N/A,,,,,,,,,,,
335ca7f3-682a-4c35-a9b4-a29e003d3cad,,,Puff(s),Puff(s),Puff(s),Puff(s),,,Misc,N/A,,,,,,,,,,,
9d5b708e-3f10-11e4-adec-0800271c1b75,,,Dosing Units,ឯកតាកំរិត,Dosing Units,ឯកតាកំរិត,,,ConvSet,N/A,,,Unit(s);Capsule(s); Tablet(s); Drop;Teaspoon;  Tablespoon; Puff(s); ml; mg; IU; ,,,,,,,,
e74aebd1-51b5-424f-b9f0-339fd8cd3588,,,Female,Female,Female,ស្រី,,,Misc,N/A,,,,,,,,,,,
544634f2-4c08-48b0-9b2b-35251189a59b,,,Male,Male,Male,បុរស,,,Misc,N/A,,,,,,,,,,,
c46896fd-3f10-11e4-adec-0800271c1b75,,,Patient Document,Patient Document,Patient Document,Patient Document,,,ConvSet,N/A,,,Image;,,,,,,,,
7aba59e1-ed2d-4968-9e09-1ba177ed4f4f,,,Dizziness,Dizziness,Dizziness,,,,Misc,N/A,,,,,,,,,,,
b6e77a51-4f8c-4848-b551-4242c7400495,,,Diarrhea,Diarrhea,Diarrhea,,,,Misc,N/A,,,,,,,,,,,
4f8a1d43-55a2-4503-b963-875c10bf1c47,,,Sore throat,Sore throat,Sore throat,,,,Misc,N/A,,,,,,,,,,,
653ca813-d4c7-48c3-bf3f-f77713f4ba69,,,Runny nose,Runny nose,Runny nose,,,,Misc,N/A,,,,,,,,,,,
68284608-7797-412c-9708-16eed776a645,,,Earache,Earache,Earache,,,,Misc,N/A,,,,,,,,,,,
da504701-943d-4770-8acd-3054a5ef0194,,,Epigastric pain,Epigastric pain,Epigastric pain,,,,Misc,N/A,,,,,,,,,,,
f610001f-fa24-457e-84fb-5dba316e2d57,,,Dysuria,Dysuria,Dysuria,,,,Misc,N/A,,,,,,,,,,,
3af68657-071c-4dac-9294-3b2fecea60f4,,,"Complaint, Other","Complaint, Other","Complaint, Other",,,,Misc,N/A,,,,,,,,,,,
1e01664e-4e15-11e4-8a57-0800271c1b75,,,Anorexia,Anorexia,Anorexia,,,,Misc,N/A,,,,,,,,,,,
1e078201-4e15-11e4-8a57-0800271c1b75,,,Anxiety states,Anxiety states,Anxiety states,,,,Misc,N/A,,,,,,,,,,,
1e09fa6a-4e15-11e4-8a57-0800271c1b75,,,"Bleeding, rectal","Bleeding, rectal","Bleeding, rectal",,,,Misc,N/A,,,,,,,,,,,
1e1f19ef-4e15-11e4-8a57-0800271c1b75,,,Cleft Palate,Cleft Palate,Cleft Palate,,,,Misc,N/A,,,,,,,,,,,
1e233bb7-4e15-11e4-8a57-0800271c1b75,,,Constipation,Constipation,Constipation,,,,Misc,N/A,,,,,,,,,,,
1e272149-4e15-11e4-8a57-0800271c1b75,,,Convulsions,Convulsions,Convulsions,,,,Misc,N/A,,,,,,,,,,,
1e2918fb-4e15-11e4-8a57-0800271c1b75,,,Cough,Cough,Cough,,,,Misc,N/A,,,,,,,,,,,
1e35fb1a-4e15-11e4-8a57-0800271c1b75,,,Dysphagia,Dysphagia,Dysphagia,,,,Misc,N/A,,,,,,,,,,,
5da2db65-3dc0-4ad8-8ce3-b15f9cef3bc0,,,Edema,Edema,Edema,,,,Misc,N/A,,,,,,,,,,,
56f96784-4015-46a0-96bc-11b06620ea0c,,,"localized, NOS","localized, NOS","localized, NOS",,,,Misc,N/A,,,,,,,,,,,
1e2d7883-4e15-11e4-8a57-0800271c1b75,,,"Crying, infant, excessive","Crying, infant, excessive","Crying, infant, excessive",,,,Misc,N/A,,,,,,,,,,,
1e3d5749-4e15-11e4-8a57-0800271c1b75,,,Epistaxis,Epistaxis,Epistaxis,,,,Misc,N/A,,,,,,,,,,,
1e6f31a6-4e15-11e4-8a57-0800271c1b75,,,"Failure to thrive, child","Failure to thrive, child","Failure to thrive, child",,,,Misc,N/A,,,,,,,,,,,
1ec7b018-4e15-11e4-8a57-0800271c1b75,,,"Fatigue and malaise, other","Fatigue and malaise, other","Fatigue and malaise, other",,,,Misc,N/A,,,,,,,,,,,
1f090668-4e15-11e4-8a57-0800271c1b75,,,"Feeding problem, infant/elderly","Feeding problem, infant/elderly","Feeding problem, infant/elderly",,,,Misc,N/A,,,,,,,,,,,
1f0f8ec6-4e15-11e4-8a57-0800271c1b75,,,Fever,Fever,Fever,,,,Misc,N/A,,,,,,,,,,,
1f139595-4e15-11e4-8a57-0800271c1b75,,,Fracture upper arm,Fracture upper arm,Fracture upper arm,,,,Misc,N/A,,,,,,,,,,,
1f17bb4b-4e15-11e4-8a57-0800271c1b75,,,Gas/bloating,Gas/bloating,Gas/bloating,,,,Misc,N/A,,,,,,,,,,,
1f1c29f6-4e15-11e4-8a57-0800271c1b75,,,Gingival and periodontal diseases,Gingival and periodontal diseases,Gingival and periodontal diseases,,,,Misc,N/A,,,,,,,,,,,
1f592562-4e15-11e4-8a57-0800271c1b75,,,Headache,Headache,Headache,,,,Misc,N/A,,,,,,,,,,,
1f5b3d0e-4e15-11e4-8a57-0800271c1b75,,,Hearing loss,Hearing loss,Hearing loss,,,,Misc,N/A,,,,,,,,,,,
1f5e563c-4e15-11e4-8a57-0800271c1b75,,,Heartburn,Heartburn,Heartburn,,,,Misc,N/A,,,,,,,,,,,
1f635f1a-4e15-11e4-8a57-0800271c1b75,,,Blood in vomiting,Blood in vomiting,Blood in vomiting,,,,Misc,N/A,,,,,,,,,,,
1f6685c0-4e15-11e4-8a57-0800271c1b75,,,Hemiplegia and hemiparesis,Hemiplegia and hemiparesis,Hemiplegia and hemiparesis,,,,Misc,N/A,,,,,,,,,,,
1f6a5ea9-4e15-11e4-8a57-0800271c1b75,,,Hemoptysis,Hemoptysis,Hemoptysis,,,,Misc,N/A,,,,,,,,,,,
1f6ee168-4e15-11e4-8a57-0800271c1b75,,,Hiccups,Hiccups,Hiccups,,,,Misc,N/A,,,,,,,,,,,
1f70f0e3-4e15-11e4-8a57-0800271c1b75,,,Hoarseness,Hoarseness,Hoarseness,,,,Misc,N/A,,,,,,,,,,,
1fa53cd0-4e15-11e4-8a57-0800271c1b75,,,Infertility,Infertility,Infertility,,,,Misc,N/A,,,,,,,,,,,
1faa5af3-4e15-11e4-8a57-0800271c1b75,,,Injury,Injury,Injury,,,,Misc,N/A,,,,,,,,,,,
1fad62aa-4e15-11e4-8a57-0800271c1b75,,,Irregular menstrual cycle,Irregular menstrual cycle,Irregular menstrual cycle,,,,Misc,N/A,,,,,,,,,,,
1fb39d05-4e15-11e4-8a57-0800271c1b75,,,"Joint swelling, single","Joint swelling, single","Joint swelling, single",,,,Misc,N/A,,,,,,,,,,,
1fefe32c-4e15-11e4-8a57-0800271c1b75,,,"Localized swelling/mass, superficial","Localized swelling/mass, superficial","Localized swelling/mass, superficial",,,,Misc,N/A,,,,,,,,,,,
1ff55e9c-4e15-11e4-8a57-0800271c1b75,,,Lump in breast,Lump in breast,Lump in breast,,,,Misc,N/A,,,,,,,,,,,
1ff9d6fc-4e15-11e4-8a57-0800271c1b75,,,Swelling,Swelling,Swelling,,,,Misc,N/A,,,,,,,,,,,
1ffe2cde-4e15-11e4-8a57-0800271c1b75,,,Malaise and fatigue,Malaise and fatigue,Malaise and fatigue,,,,Misc,N/A,,,,,,,,,,,
200275e4-4e15-11e4-8a57-0800271c1b75,,,Memory loss,Memory loss,Memory loss,,,,Misc,N/A,,,,,,,,,,,
20052626-4e15-11e4-8a57-0800271c1b75,,,Mental status changes,Mental status changes,Mental status changes,,,,Misc,N/A,,,,,,,,,,,
203d9e67-4e15-11e4-8a57-0800271c1b75,,,Nausea w/ vomiting,Nausea w/ vomiting,Nausea w/ vomiting,,,,Misc,N/A,,,,,,,,,,,
207d0654-4e15-11e4-8a57-0800271c1b75,,,"Nausea, alone","Nausea, alone","Nausea, alone",,,,Misc,N/A,,,,,,,,,,,
20b7d029-4e15-11e4-8a57-0800271c1b75,,,Nocturia,Nocturia,Nocturia,,,,Misc,N/A,,,,,,,,,,,
20bb55e4-4e15-11e4-8a57-0800271c1b75,,,Obstructed labor,Obstructed labor,Obstructed labor,,,,Misc,N/A,,,,,,,,,,,
20bed4ef-4e15-11e4-8a57-0800271c1b75,,,"Pain, chronic, due to trauma","Pain, chronic, due to trauma","Pain, chronic, due to trauma",,,,Misc,N/A,,,,,,,,,,,
20f7020d-4e15-11e4-8a57-0800271c1b75,,,"Pain, knee","Pain, knee","Pain, knee",,,,Misc,N/A,,,,,,,,,,,
212927fb-4e15-11e4-8a57-0800271c1b75,,,Low backache,Low backache,Low backache,,,,Misc,N/A,,,,,,,,,,,
212d295f-4e15-11e4-8a57-0800271c1b75,,,Palpitations,Palpitations,Palpitations,,,,Misc,N/A,,,,,,,,,,,
212ffc94-4e15-11e4-8a57-0800271c1b75,,,Polyuria,Polyuria,Polyuria,,,,Misc,N/A,,,,,,,,,,,
2134b7e3-4e15-11e4-8a57-0800271c1b75,,,"Rash, nonvesicular, unspec.","Rash, nonvesicular, unspec.","Rash, nonvesicular, unspec.",,,,Misc,N/A,,,,,,,,,,,
653ca813-d4c7-48c3-bf3f-f77713f4ba69,,,Runny nose,Runny nose,Runny nose,,,,Misc,N/A,,,,,,,,,,,
2173b7d9-4e15-11e4-8a57-0800271c1b75,,,Something coming out of anus,Something coming out of anus,Something coming out of anus,,,,Misc,N/A,,,,,,,,,,,
2178d694-4e15-11e4-8a57-0800271c1b75,,,"Seizures, convulsions, other","Seizures, convulsions, other","Seizures, convulsions, other",,,,Misc,N/A,,,,,,,,,,,
217d6872-4e15-11e4-8a57-0800271c1b75,,,"Seizures, simple, febrile, unspec.","Seizures, simple, febrile, unspec.","Seizures, simple, febrile, unspec.",,,,Misc,N/A,,,,,,,,,,,
21835173-4e15-11e4-8a57-0800271c1b75,,,Shortness of breath,Shortness of breath,Shortness of breath,,,,Misc,N/A,,,,,,,,,,,
21880af9-4e15-11e4-8a57-0800271c1b75,,,Sickle-cell anemia,Sickle-cell anemia,Sickle-cell anemia,,,,Misc,N/A,,,,,,,,,,,
21bdb6cf-4e15-11e4-8a57-0800271c1b75,,,Somethingcoming out per vaginum,Somethingcoming out per vaginum,Somethingcoming out per vaginum,,,,Misc,N/A,,,,,,,,,,,
21c2aedc-4e15-11e4-8a57-0800271c1b75,,,Stomatitis and mucositis,Stomatitis and mucositis,Stomatitis and mucositis,,,,Misc,N/A,,,,,,,,,,,
21c6e70d-4e15-11e4-8a57-0800271c1b75,,,"Sweating, excessive","Sweating, excessive","Sweating, excessive",,,,Misc,N/A,,,,,,,,,,,
4f8a1d43-55a2-4503-b963-875c10bf1c47,,,Sore throat,Sore throat,Sore throat,,,,Misc,N/A,,,,,,,,,,,
21cacfb0-4e15-11e4-8a57-0800271c1b75,,,Throat Pain,Throat Pain,Throat Pain,,,,Misc,N/A,,,,,,,,,,,
220fc2a9-4e15-11e4-8a57-0800271c1b75,,,Ulcer of lower limbs,Ulcer of lower limbs,Ulcer of lower limbs,,,,Misc,N/A,,,,,,,,,,,
2216e20d-4e15-11e4-8a57-0800271c1b75,,,Vomiting,Vomiting,Vomiting,,,,Misc,N/A,,,,,,,,,,,
22479fd3-4e15-11e4-8a57-0800271c1b75,,,Walking difficulty,Walking difficulty,Walking difficulty,,,,Misc,N/A,,,,,,,,,,,
224b7592-4e15-11e4-8a57-0800271c1b75,,,Wheezing,Wheezing,Wheezing,,,,Misc,N/A,,,,,,,,,,,
3af68657-071c-4dac-9294-3b2fecea60f4,,,"Complaint, Other","Complaint, Other","Complaint, Other",,,,Misc,N/A,,,,,,,,,,,
1e0f4158-4e15-11e4-8a57-0800271c1b75,,,Chest Pain,Chest Pain,Chest Pain,,,,Misc,N/A,,,,,,,,,,,
1e39b082-4e15-11e4-8a57-0800271c1b75,,,"Edema, localized, NOS","Edema, localized, NOS","Edema, localized, NOS",,,,Misc,N/A,,,,,,,,,,,
c3959ab5-3f10-11e4-adec-0800271c1b75,,,Chief Complaint,Chief Complaint,Chief Complaint,Chief Complaint,,,Misc,Coded,,"Abdominal pain;Abdominal Lump;Anorexia;Anasarca;Anxiety states;Bleeding, rectal;Chest Pain;Cleft Palate;Constipation;Convulsions;Cough;Crying, infant, excessive;Dental caries;Diarrhea;Dizziness;Dysphagia;Dysuria; Earache; Edema, localized, NOS; Epigastric pain; Epistaxis; Failure to thrive, child; Fatigue and malaise, other; Feeding problem, infant/elderly; Fever; Fracture upper arm; Gas/bloating; Gingival and periodontal diseases; Headache; Hearing loss; Heartburn; Blood in vomiting; Hemiplegia and hemiparesis; Hemoptysis; Hiccups; Hoarseness; Infertility; Injury; Irregular menstrual cycle; Joint swelling, single; Localized swelling/mass, superficial; Lump in breast; Swelling; Malaise and fatigue; Memory loss; Mental status changes; Nausea w/ vomiting; Nausea, alone; Nocturia; Obstructed labor; Pain, chronic, due to trauma; Pain, knee; Low backache; Palpitations; Polyuria; Rash, nonvesicular, unspec.; Runny nose; Something coming out of anus; Seizures, convulsions, other; Seizures, simple, febrile, unspec.; Shortness of breath; Sickle-cell anemia; Somethingcoming out per vaginum; Stomatitis and mucositis; Sweating, excessive; Sore throat; Throat Pain; Ulcer of lower limbs; Vomiting; Walking difficulty; Wheezing; Complaint, Other;",,,,,,,,,
a50a54dd-ba9c-4603-bdbb-10941bbd13c5,,,Cambodia_New Patient,Cambodia_New Patient,First visit,,,,Misc,N/A,,,,,,,,,,,
5a53106b-5c95-44a4-a1fc-d76844285f44,,,Cambodia_Old Patient,Cambodia_Old Patient,-,,,,Misc,N/A,,,,,,,,,,,
cede5394-4d47-446f-85cc-e649673af6ea,,,impl.patientStatus,impl.patientStatus,Patient Status,,impl.patientStatus.desc,,Question,Coded,,Cambodia_New Patient;Cambodia_Old Patient;,,,,,,,,,
